farm,product,land,feed,production,zipcode,log,lat
A,Wheat & Rye (Bread),0.1,0.0,0.8,33175,25.734787,-80.406761
A,Maize (Meal),0.3,0.0,0.5,33175,25.734787,-80.406761
A,Barley (Beer),0.0,0.0,0.2,33175,25.734787,-80.406761
A,Oatmeal,0.0,0.0,1.75,33175,25.734787,-80.406761
A,Rice,0.0,0.0,5.04,33175,25.734787,-80.406761
A,Potatoes,0.0,0.0,0.2,33175,25.734787,-80.406761
A,Cassava,0.48,0.0,0.16000000000000003,33175,25.734787,-80.406761
A,Cane Sugar,1.2,0.0,0.5,33175,25.734787,-80.406761
A,Beet Sugar,0.0,0.0,0.625,33175,25.734787,-80.406761
A,Other Pulses,0.0,0.0,1.54,33175,25.734787,-80.406761
A,Peas,0.0,0.0,0.5599999999999999,33175,25.734787,-80.406761
A,Nuts,-2.52,0.0,2.52,33175,25.734787,-80.406761
A,Groundnuts,0.2,0.0,0.7,33175,25.734787,-80.406761
A,Soymilk,0.2,0.0,0.1,33175,25.734787,-80.406761
A,Tofu,1.0,0.0,0.5,33175,25.734787,-80.406761
A,Soybean Oil,3.875,0.0,1.875,33175,25.734787,-80.406761
A,Palm Oil,2.4800000000000004,0.0,1.6800000000000002,33175,25.734787,-80.406761
A,Sunflower Oil,0.09000000000000001,0.0,1.8900000000000001,33175,25.734787,-80.406761
A,Rapeseed Oil,0.2,0.0,2.3,33175,25.734787,-80.406761
A,Olive Oil,-0.4,0.0,4.3,33175,25.734787,-80.406761
A,Tomatoes,0.5599999999999999,0.0,0.9799999999999999,33175,25.734787,-80.406761
A,Onions & Leeks,0.0,0.0,0.22000000000000003,33175,25.734787,-80.406761
A,Root Vegetables,0.0,0.0,0.15000000000000002,33175,25.734787,-80.406761
A,Brassicas,0.0,0.0,0.36,33175,25.734787,-80.406761
A,Other Vegetables,0.0,0.0,0.16000000000000003,33175,25.734787,-80.406761
A,Citrus Fruit,-0.13999999999999999,0.0,0.42,33175,25.734787,-80.406761
A,Bananas,0.0,0.0,0.24,33175,25.734787,-80.406761
A,Apples,0.0,0.0,0.16000000000000003,33175,25.734787,-80.406761
A,Berries & Grapes,0.0,0.0,0.5599999999999999,33175,25.734787,-80.406761
A,Wine,-0.11000000000000001,0.0,0.66,33175,25.734787,-80.406761
A,Other Fruit,0.1,0.0,0.4,33175,25.734787,-80.406761
A,Coffee,4.44,0.0,12.48,33175,25.734787,-80.406761
A,Dark Chocolate,10.725000000000001,0.0,2.7750000000000004,33175,25.734787,-80.406761
A,Beef (beef herd),12.225000000000001,1.4249999999999998,29.549999999999997,33175,25.734787,-80.406761
A,Beef (dairy herd),1.125,3.125,19.625,33175,25.734787,-80.406761
A,Lamb & Mutton,0.375,1.7999999999999998,14.625,33175,25.734787,-80.406761
A,Pig Meat,1.125,2.175,1.275,33175,25.734787,-80.406761
A,Poultry Meat,3.125,2.25,0.875,33175,25.734787,-80.406761
A,Milk,0.55,0.22000000000000003,1.6500000000000001,33175,25.734787,-80.406761
A,Cheese,6.75,3.4499999999999997,19.65,33175,25.734787,-80.406761
A,Eggs,0.77,2.4200000000000004,1.4300000000000002,33175,25.734787,-80.406761
A,Fish (farmed),0.625,1.0,4.5,33175,25.734787,-80.406761
A,Shrimps (farmed),0.18000000000000002,2.25,7.5600000000000005,33175,25.734787,-80.406761
B,Wheat & Rye (Bread),0.1,0.0,0.8,31057,32.435,-83.936561
B,Maize (Meal),0.3,0.0,0.5,31057,32.435,-83.936561
B,Barley (Beer),0.0,0.0,0.24,31057,32.435,-83.936561
B,Oatmeal,0.0,0.0,1.0499999999999998,31057,32.435,-83.936561
B,Rice,0.0,0.0,2.8800000000000003,31057,32.435,-83.936561
B,Potatoes,0.0,0.0,0.25,31057,32.435,-83.936561
B,Cassava,0.66,0.0,0.22000000000000003,31057,32.435,-83.936561
B,Cane Sugar,1.2,0.0,0.5,31057,32.435,-83.936561
B,Beet Sugar,0.0,0.0,0.375,31057,32.435,-83.936561
B,Other Pulses,0.0,0.0,1.32,31057,32.435,-83.936561
B,Peas,0.0,0.0,0.875,31057,32.435,-83.936561
B,Nuts,-2.1,0.0,2.1,31057,32.435,-83.936561
B,Groundnuts,0.48,0.0,1.68,31057,32.435,-83.936561
B,Soymilk,0.24,0.0,0.12,31057,32.435,-83.936561
B,Tofu,1.25,0.0,0.625,31057,32.435,-83.936561
B,Soybean Oil,1.55,0.0,0.75,31057,32.435,-83.936561
B,Palm Oil,2.4800000000000004,0.0,1.6800000000000002,31057,32.435,-83.936561
B,Sunflower Oil,0.12,0.0,2.52,31057,32.435,-83.936561
B,Rapeseed Oil,0.24,0.0,2.76,31057,32.435,-83.936561
B,Olive Oil,-0.32000000000000006,0.0,3.44,31057,32.435,-83.936561
B,Tomatoes,0.32000000000000006,0.0,0.5599999999999999,31057,32.435,-83.936561
B,Onions & Leeks,0.0,0.0,0.2,31057,32.435,-83.936561
B,Root Vegetables,0.0,0.0,0.15000000000000002,31057,32.435,-83.936561
B,Brassicas,0.0,0.0,0.375,31057,32.435,-83.936561
B,Other Vegetables,0.0,0.0,0.15000000000000002,31057,32.435,-83.936561
B,Citrus Fruit,-0.125,0.0,0.375,31057,32.435,-83.936561
B,Bananas,0.0,0.0,0.3,31057,32.435,-83.936561
B,Apples,0.0,0.0,0.18000000000000002,31057,32.435,-83.936561
B,Berries & Grapes,0.0,0.0,0.35,31057,32.435,-83.936561
B,Wine,-0.12,0.0,0.72,31057,32.435,-83.936561
B,Other Fruit,0.125,0.0,0.5,31057,32.435,-83.936561
B,Coffee,3.7,0.0,10.4,31057,32.435,-83.936561
B,Dark Chocolate,12.870000000000001,0.0,3.33,31057,32.435,-83.936561
B,Beef (beef herd),14.670000000000002,1.71,35.46,31057,32.435,-83.936561
B,Beef (dairy herd),0.9,2.5,15.7,31057,32.435,-83.936561
B,Lamb & Mutton,0.625,3.0,24.375,31057,32.435,-83.936561
B,Pig Meat,1.5,2.9,1.7,31057,32.435,-83.936561
B,Poultry Meat,1.25,0.9,0.35,31057,32.435,-83.936561
B,Milk,0.5,0.2,1.5,31057,32.435,-83.936561
B,Cheese,4.5,2.3,13.1,31057,32.435,-83.936561
B,Eggs,0.7,2.2,1.3,31057,32.435,-83.936561
B,Fish (farmed),0.4,0.6400000000000001,2.8800000000000003,31057,32.435,-83.936561
B,Shrimps (farmed),0.25,3.125,10.5,31057,32.435,-83.936561
C,Wheat & Rye (Bread),0.09000000000000001,0.0,0.7200000000000001,30734,34.532804,-84.714916
C,Maize (Meal),0.18,0.0,0.3,30734,34.532804,-84.714916
C,Barley (Beer),0.0,0.0,0.25,30734,34.532804,-84.714916
C,Oatmeal,0.0,0.0,1.0499999999999998,30734,34.532804,-84.714916
C,Rice,0.0,0.0,3.6,30734,34.532804,-84.714916
C,Potatoes,0.0,0.0,0.15000000000000002,30734,34.532804,-84.714916
C,Cassava,0.75,0.0,0.25,30734,34.532804,-84.714916
C,Cane Sugar,1.2,0.0,0.5,30734,34.532804,-84.714916
C,Beet Sugar,0.0,0.0,0.625,30734,34.532804,-84.714916
C,Other Pulses,0.0,0.0,1.6500000000000001,30734,34.532804,-84.714916
C,Peas,0.0,0.0,0.7,30734,34.532804,-84.714916
C,Nuts,-2.625,0.0,2.625,30734,34.532804,-84.714916
C,Groundnuts,0.4,0.0,1.4,30734,34.532804,-84.714916
C,Soymilk,0.12,0.0,0.06,30734,34.532804,-84.714916
C,Tofu,1.1,0.0,0.55,30734,34.532804,-84.714916
C,Soybean Oil,2.79,0.0,1.35,30734,34.532804,-84.714916
C,Palm Oil,3.4100000000000006,0.0,2.3100000000000005,30734,34.532804,-84.714916
C,Sunflower Oil,0.13999999999999999,0.0,2.94,30734,34.532804,-84.714916
C,Rapeseed Oil,0.15000000000000002,0.0,1.7249999999999999,30734,34.532804,-84.714916
C,Olive Oil,-0.5,0.0,5.375,30734,34.532804,-84.714916
C,Tomatoes,0.30000000000000004,0.0,0.5249999999999999,30734,34.532804,-84.714916
C,Onions & Leeks,0.0,0.0,0.2,30734,34.532804,-84.714916
C,Root Vegetables,0.0,0.0,0.16000000000000003,30734,34.532804,-84.714916
C,Brassicas,0.0,0.0,0.44999999999999996,30734,34.532804,-84.714916
C,Other Vegetables,0.0,0.0,0.15000000000000002,30734,34.532804,-84.714916
C,Citrus Fruit,-0.12,0.0,0.36,30734,34.532804,-84.714916
C,Bananas,0.0,0.0,0.36,30734,34.532804,-84.714916
C,Apples,0.0,0.0,0.18000000000000002,30734,34.532804,-84.714916
C,Berries & Grapes,0.0,0.0,0.7,30734,34.532804,-84.714916
C,Wine,-0.1,0.0,0.6,30734,34.532804,-84.714916
C,Other Fruit,0.08000000000000002,0.0,0.32000000000000006,30734,34.532804,-84.714916
C,Coffee,1.85,0.0,5.2,30734,34.532804,-84.714916
C,Dark Chocolate,14.3,0.0,3.7,30734,34.532804,-84.714916
C,Beef (beef herd),17.930000000000003,2.09,43.34,30734,34.532804,-84.714916
C,Beef (dairy herd),1.08,3.0,18.84,30734,34.532804,-84.714916
C,Lamb & Mutton,0.55,2.64,21.450000000000003,30734,34.532804,-84.714916
C,Pig Meat,1.35,2.61,1.53,30734,34.532804,-84.714916
C,Poultry Meat,3.0,2.16,0.84,30734,34.532804,-84.714916
C,Milk,0.7,0.27999999999999997,2.0999999999999996,30734,34.532804,-84.714916
C,Cheese,3.6,1.8399999999999999,10.48,30734,34.532804,-84.714916
C,Eggs,0.63,1.9800000000000002,1.1700000000000002,30734,34.532804,-84.714916
C,Fish (farmed),0.5,0.8,3.6,30734,34.532804,-84.714916
C,Shrimps (farmed),0.2,2.5,8.4,30734,34.532804,-84.714916
D,Wheat & Rye (Bread),0.09000000000000001,0.0,0.7200000000000001,50278,42.136759000000005,-93.299533
D,Maize (Meal),0.36,0.0,0.6,50278,42.136759000000005,-93.299533
D,Barley (Beer),0.0,0.0,0.2,50278,42.136759000000005,-93.299533
D,Oatmeal,0.0,0.0,1.0499999999999998,50278,42.136759000000005,-93.299533
D,Rice,0.0,0.0,2.7,50278,42.136759000000005,-93.299533
D,Potatoes,0.0,0.0,0.2,50278,42.136759000000005,-93.299533
D,Cassava,0.6,0.0,0.2,50278,42.136759000000005,-93.299533
D,Cane Sugar,1.08,0.0,0.45,50278,42.136759000000005,-93.299533
D,Beet Sugar,0.0,0.0,0.5,50278,42.136759000000005,-93.299533
D,Other Pulses,0.0,0.0,1.1,50278,42.136759000000005,-93.299533
D,Peas,0.0,0.0,0.5599999999999999,50278,42.136759000000005,-93.299533
D,Nuts,-2.1,0.0,2.1,50278,42.136759000000005,-93.299533
D,Groundnuts,0.4,0.0,1.4,50278,42.136759000000005,-93.299533
D,Soymilk,0.22000000000000003,0.0,0.11000000000000001,50278,42.136759000000005,-93.299533
D,Tofu,1.0,0.0,0.5,50278,42.136759000000005,-93.299533
D,Soybean Oil,1.55,0.0,0.75,50278,42.136759000000005,-93.299533
D,Palm Oil,3.4100000000000006,0.0,2.3100000000000005,50278,42.136759000000005,-93.299533
D,Sunflower Oil,0.12,0.0,2.52,50278,42.136759000000005,-93.299533
D,Rapeseed Oil,0.18000000000000002,0.0,2.07,50278,42.136759000000005,-93.299533
D,Olive Oil,-0.30000000000000004,0.0,3.2249999999999996,50278,42.136759000000005,-93.299533
D,Tomatoes,0.32000000000000006,0.0,0.5599999999999999,50278,42.136759000000005,-93.299533
D,Onions & Leeks,0.0,0.0,0.18000000000000002,50278,42.136759000000005,-93.299533
D,Root Vegetables,0.0,0.0,0.2,50278,42.136759000000005,-93.299533
D,Brassicas,0.0,0.0,0.15,50278,42.136759000000005,-93.299533
D,Other Vegetables,0.0,0.0,0.12,50278,42.136759000000005,-93.299533
D,Citrus Fruit,-0.11000000000000001,0.0,0.33,50278,42.136759000000005,-93.299533
D,Bananas,0.0,0.0,0.375,50278,42.136759000000005,-93.299533
D,Apples,0.0,0.0,0.16000000000000003,50278,42.136759000000005,-93.299533
D,Berries & Grapes,0.0,0.0,0.7,50278,42.136759000000005,-93.299533
D,Wine,-0.09000000000000001,0.0,0.54,50278,42.136759000000005,-93.299533
D,Other Fruit,0.1,0.0,0.4,50278,42.136759000000005,-93.299533
D,Coffee,3.7,0.0,10.4,50278,42.136759000000005,-93.299533
D,Dark Chocolate,11.440000000000001,0.0,2.9600000000000004,50278,42.136759000000005,-93.299533
D,Beef (beef herd),16.3,1.9,39.4,50278,42.136759000000005,-93.299533
D,Beef (dairy herd),0.81,2.25,14.129999999999999,50278,42.136759000000005,-93.299533
D,Lamb & Mutton,0.375,1.7999999999999998,14.625,50278,42.136759000000005,-93.299533
D,Pig Meat,1.5,2.9,1.7,50278,42.136759000000005,-93.299533
D,Poultry Meat,3.75,2.7,1.0499999999999998,50278,42.136759000000005,-93.299533
D,Milk,0.25,0.1,0.75,50278,42.136759000000005,-93.299533
D,Cheese,4.5,2.3,13.1,50278,42.136759000000005,-93.299533
D,Eggs,0.7,2.2,1.3,50278,42.136759000000005,-93.299533
D,Fish (farmed),0.5,0.8,3.6,50278,42.136759000000005,-93.299533
D,Shrimps (farmed),0.25,3.125,10.5,50278,42.136759000000005,-93.299533
E,Wheat & Rye (Bread),0.08000000000000002,0.0,0.6400000000000001,19970,38.556507,-75.100246
E,Maize (Meal),0.42,0.0,0.7,19970,38.556507,-75.100246
E,Barley (Beer),0.0,0.0,0.15000000000000002,19970,38.556507,-75.100246
E,Oatmeal,0.0,0.0,1.4,19970,38.556507,-75.100246
E,Rice,0.0,0.0,2.8800000000000003,19970,38.556507,-75.100246
E,Potatoes,0.0,0.0,0.2,19970,38.556507,-75.100246
E,Cassava,0.3,0.0,0.1,19970,38.556507,-75.100246
E,Cane Sugar,0.6,0.0,0.25,19970,38.556507,-75.100246
E,Beet Sugar,0.0,0.0,0.6,19970,38.556507,-75.100246
E,Other Pulses,0.0,0.0,1.375,19970,38.556507,-75.100246
E,Peas,0.0,0.0,0.7,19970,38.556507,-75.100246
E,Nuts,-2.625,0.0,2.625,19970,38.556507,-75.100246
E,Groundnuts,0.6000000000000001,0.0,2.0999999999999996,19970,38.556507,-75.100246
E,Soymilk,0.22000000000000003,0.0,0.11000000000000001,19970,38.556507,-75.100246
E,Tofu,0.8,0.0,0.4,19970,38.556507,-75.100246
E,Soybean Oil,4.65,0.0,2.25,19970,38.556507,-75.100246
E,Palm Oil,1.55,0.0,1.05,19970,38.556507,-75.100246
E,Sunflower Oil,0.07500000000000001,0.0,1.5750000000000002,19970,38.556507,-75.100246
E,Rapeseed Oil,0.18000000000000002,0.0,2.07,19970,38.556507,-75.100246
E,Olive Oil,-0.44000000000000006,0.0,4.73,19970,38.556507,-75.100246
E,Tomatoes,0.44000000000000006,0.0,0.77,19970,38.556507,-75.100246
E,Onions & Leeks,0.0,0.0,0.2,19970,38.556507,-75.100246
E,Root Vegetables,0.0,0.0,0.16000000000000003,19970,38.556507,-75.100246
E,Brassicas,0.0,0.0,0.36,19970,38.556507,-75.100246
E,Other Vegetables,0.0,0.0,0.30000000000000004,19970,38.556507,-75.100246
E,Citrus Fruit,-0.125,0.0,0.375,19970,38.556507,-75.100246
E,Bananas,0.0,0.0,0.3,19970,38.556507,-75.100246
E,Apples,0.0,0.0,0.2,19970,38.556507,-75.100246
E,Berries & Grapes,0.0,0.0,0.7,19970,38.556507,-75.100246
E,Wine,-0.11000000000000001,0.0,0.66,19970,38.556507,-75.100246
E,Other Fruit,0.11000000000000001,0.0,0.44000000000000006,19970,38.556507,-75.100246
E,Coffee,3.7,0.0,10.4,19970,38.556507,-75.100246
E,Dark Chocolate,12.870000000000001,0.0,3.33,19970,38.556507,-75.100246
E,Beef (beef herd),9.78,1.14,23.639999999999997,19970,38.556507,-75.100246
E,Beef (dairy herd),1.08,3.0,18.84,19970,38.556507,-75.100246
E,Lamb & Mutton,0.375,1.7999999999999998,14.625,19970,38.556507,-75.100246
E,Pig Meat,1.875,3.625,2.125,19970,38.556507,-75.100246
E,Poultry Meat,2.25,1.62,0.63,19970,38.556507,-75.100246
E,Milk,0.3,0.12,0.8999999999999999,19970,38.556507,-75.100246
E,Cheese,4.5,2.3,13.1,19970,38.556507,-75.100246
E,Eggs,0.35,1.1,0.65,19970,38.556507,-75.100246
E,Fish (farmed),0.3,0.48,2.16,19970,38.556507,-75.100246
E,Shrimps (farmed),0.15000000000000002,1.875,6.300000000000001,19970,38.556507,-75.100246
F,Wheat & Rye (Bread),0.11000000000000001,0.0,0.8800000000000001,61523,40.91193,-89.53777
F,Maize (Meal),0.36,0.0,0.6,61523,40.91193,-89.53777
F,Barley (Beer),0.0,0.0,0.16000000000000003,61523,40.91193,-89.53777
F,Oatmeal,0.0,0.0,1.75,61523,40.91193,-89.53777
F,Rice,0.0,0.0,2.16,61523,40.91193,-89.53777
F,Potatoes,0.0,0.0,0.16000000000000003,61523,40.91193,-89.53777
F,Cassava,0.48,0.0,0.16000000000000003,61523,40.91193,-89.53777
F,Cane Sugar,1.2,0.0,0.5,61523,40.91193,-89.53777
F,Beet Sugar,0.0,0.0,0.25,61523,40.91193,-89.53777
F,Other Pulses,0.0,0.0,1.2100000000000002,61523,40.91193,-89.53777
F,Peas,0.0,0.0,0.7,61523,40.91193,-89.53777
F,Nuts,-2.3100000000000005,0.0,2.3100000000000005,61523,40.91193,-89.53777
F,Groundnuts,0.48,0.0,1.68,61523,40.91193,-89.53777
F,Soymilk,0.25,0.0,0.125,61523,40.91193,-89.53777
F,Tofu,0.8,0.0,0.4,61523,40.91193,-89.53777
F,Soybean Oil,3.875,0.0,1.875,61523,40.91193,-89.53777
F,Palm Oil,3.1,0.0,2.1,61523,40.91193,-89.53777
F,Sunflower Oil,0.1,0.0,2.1,61523,40.91193,-89.53777
F,Rapeseed Oil,0.15000000000000002,0.0,1.7249999999999999,61523,40.91193,-89.53777
F,Olive Oil,-0.32000000000000006,0.0,3.44,61523,40.91193,-89.53777
F,Tomatoes,0.4,0.0,0.7,61523,40.91193,-89.53777
F,Onions & Leeks,0.0,0.0,0.2,61523,40.91193,-89.53777
F,Root Vegetables,0.0,0.0,0.2,61523,40.91193,-89.53777
F,Brassicas,0.0,0.0,0.33,61523,40.91193,-89.53777
F,Other Vegetables,0.0,0.0,0.22000000000000003,61523,40.91193,-89.53777
F,Citrus Fruit,-0.07500000000000001,0.0,0.22499999999999998,61523,40.91193,-89.53777
F,Bananas,0.0,0.0,0.3,61523,40.91193,-89.53777
F,Apples,0.0,0.0,0.2,61523,40.91193,-89.53777
F,Berries & Grapes,0.0,0.0,0.77,61523,40.91193,-89.53777
F,Wine,-0.1,0.0,0.6,61523,40.91193,-89.53777
F,Other Fruit,0.1,0.0,0.4,61523,40.91193,-89.53777
F,Coffee,4.07,0.0,11.440000000000001,61523,40.91193,-89.53777
F,Dark Chocolate,17.16,0.0,4.44,61523,40.91193,-89.53777
F,Beef (beef herd),17.930000000000003,2.09,43.34,61523,40.91193,-89.53777
F,Beef (dairy herd),0.9900000000000001,2.75,17.27,61523,40.91193,-89.53777
F,Lamb & Mutton,0.45,2.16,17.55,61523,40.91193,-89.53777
F,Pig Meat,1.5,2.9,1.7,61523,40.91193,-89.53777
F,Poultry Meat,2.75,1.9800000000000002,0.77,61523,40.91193,-89.53777
F,Milk,0.45,0.18000000000000002,1.35,61523,40.91193,-89.53777
F,Cheese,5.3999999999999995,2.76,15.719999999999999,61523,40.91193,-89.53777
F,Eggs,0.9799999999999999,3.08,1.8199999999999998,61523,40.91193,-89.53777
F,Fish (farmed),0.7,1.1199999999999999,5.04,61523,40.91193,-89.53777
F,Shrimps (farmed),0.2,2.5,8.4,61523,40.91193,-89.53777
G,Wheat & Rye (Bread),0.07500000000000001,0.0,0.6000000000000001,91701,34.137564000000005,-117.59994499999999
G,Maize (Meal),0.22499999999999998,0.0,0.375,91701,34.137564000000005,-117.59994499999999
G,Barley (Beer),0.0,0.0,0.27999999999999997,91701,34.137564000000005,-117.59994499999999
G,Oatmeal,0.0,0.0,1.4,91701,34.137564000000005,-117.59994499999999
G,Rice,0.0,0.0,3.9600000000000004,91701,34.137564000000005,-117.59994499999999
G,Potatoes,0.0,0.0,0.22000000000000003,91701,34.137564000000005,-117.59994499999999
G,Cassava,0.48,0.0,0.16000000000000003,91701,34.137564000000005,-117.59994499999999
G,Cane Sugar,0.96,0.0,0.4,91701,34.137564000000005,-117.59994499999999
G,Beet Sugar,0.0,0.0,0.5,91701,34.137564000000005,-117.59994499999999
G,Other Pulses,0.0,0.0,1.375,91701,34.137564000000005,-117.59994499999999
G,Peas,0.0,0.0,0.7,91701,34.137564000000005,-117.59994499999999
G,Nuts,-2.1,0.0,2.1,91701,34.137564000000005,-117.59994499999999
G,Groundnuts,0.30000000000000004,0.0,1.0499999999999998,91701,34.137564000000005,-117.59994499999999
G,Soymilk,0.18000000000000002,0.0,0.09000000000000001,91701,34.137564000000005,-117.59994499999999
G,Tofu,1.0,0.0,0.5,91701,34.137564000000005,-117.59994499999999
G,Soybean Oil,4.34,0.0,2.0999999999999996,91701,34.137564000000005,-117.59994499999999
G,Palm Oil,2.325,0.0,1.5750000000000002,91701,34.137564000000005,-117.59994499999999
G,Sunflower Oil,0.07500000000000001,0.0,1.5750000000000002,91701,34.137564000000005,-117.59994499999999
G,Rapeseed Oil,0.30000000000000004,0.0,3.4499999999999997,91701,34.137564000000005,-117.59994499999999
G,Olive Oil,-0.6000000000000001,0.0,6.449999999999999,91701,34.137564000000005,-117.59994499999999
G,Tomatoes,0.6000000000000001,0.0,1.0499999999999998,91701,34.137564000000005,-117.59994499999999
G,Onions & Leeks,0.0,0.0,0.22000000000000003,91701,34.137564000000005,-117.59994499999999
G,Root Vegetables,0.0,0.0,0.30000000000000004,91701,34.137564000000005,-117.59994499999999
G,Brassicas,0.0,0.0,0.22499999999999998,91701,34.137564000000005,-117.59994499999999
G,Other Vegetables,0.0,0.0,0.25,91701,34.137564000000005,-117.59994499999999
G,Citrus Fruit,-0.07500000000000001,0.0,0.22499999999999998,91701,34.137564000000005,-117.59994499999999
G,Bananas,0.0,0.0,0.36,91701,34.137564000000005,-117.59994499999999
G,Apples,0.0,0.0,0.25,91701,34.137564000000005,-117.59994499999999
G,Berries & Grapes,0.0,0.0,0.875,91701,34.137564000000005,-117.59994499999999
G,Wine,-0.06,0.0,0.36,91701,34.137564000000005,-117.59994499999999
G,Other Fruit,0.11000000000000001,0.0,0.44000000000000006,91701,34.137564000000005,-117.59994499999999
G,Coffee,5.550000000000001,0.0,15.600000000000001,91701,34.137564000000005,-117.59994499999999
G,Dark Chocolate,14.3,0.0,3.7,91701,34.137564000000005,-117.59994499999999
G,Beef (beef herd),17.930000000000003,2.09,43.34,91701,34.137564000000005,-117.59994499999999
G,Beef (dairy herd),0.9900000000000001,2.75,17.27,91701,34.137564000000005,-117.59994499999999
G,Lamb & Mutton,0.6,2.88,23.4,91701,34.137564000000005,-117.59994499999999
G,Pig Meat,1.7999999999999998,3.48,2.04,91701,34.137564000000005,-117.59994499999999
G,Poultry Meat,2.0,1.4400000000000002,0.5599999999999999,91701,34.137564000000005,-117.59994499999999
G,Milk,0.55,0.22000000000000003,1.6500000000000001,91701,34.137564000000005,-117.59994499999999
G,Cheese,3.6,1.8399999999999999,10.48,91701,34.137564000000005,-117.59994499999999
G,Eggs,0.5249999999999999,1.6500000000000001,0.9750000000000001,91701,34.137564000000005,-117.59994499999999
G,Fish (farmed),0.625,1.0,4.5,91701,34.137564000000005,-117.59994499999999
G,Shrimps (farmed),0.25,3.125,10.5,91701,34.137564000000005,-117.59994499999999
H,Wheat & Rye (Bread),0.12,0.0,0.96,91754,34.052921999999995,-118.14346499999999
H,Maize (Meal),0.15,0.0,0.25,91754,34.052921999999995,-118.14346499999999
H,Barley (Beer),0.0,0.0,0.12,91754,34.052921999999995,-118.14346499999999
H,Oatmeal,0.0,0.0,1.0499999999999998,91754,34.052921999999995,-118.14346499999999
H,Rice,0.0,0.0,2.8800000000000003,91754,34.052921999999995,-118.14346499999999
H,Potatoes,0.0,0.0,0.12,91754,34.052921999999995,-118.14346499999999
H,Cassava,0.6,0.0,0.2,91754,34.052921999999995,-118.14346499999999
H,Cane Sugar,0.8999999999999999,0.0,0.375,91754,34.052921999999995,-118.14346499999999
H,Beet Sugar,0.0,0.0,0.7,91754,34.052921999999995,-118.14346499999999
H,Other Pulses,0.0,0.0,1.1,91754,34.052921999999995,-118.14346499999999
H,Peas,0.0,0.0,0.875,91754,34.052921999999995,-118.14346499999999
H,Nuts,-1.05,0.0,1.05,91754,34.052921999999995,-118.14346499999999
H,Groundnuts,0.36000000000000004,0.0,1.26,91754,34.052921999999995,-118.14346499999999
H,Soymilk,0.2,0.0,0.1,91754,34.052921999999995,-118.14346499999999
H,Tofu,1.0,0.0,0.5,91754,34.052921999999995,-118.14346499999999
H,Soybean Oil,2.79,0.0,1.35,91754,34.052921999999995,-118.14346499999999
H,Palm Oil,3.1,0.0,2.1,91754,34.052921999999995,-118.14346499999999
H,Sunflower Oil,0.11000000000000001,0.0,2.3100000000000005,91754,34.052921999999995,-118.14346499999999
H,Rapeseed Oil,0.1,0.0,1.15,91754,34.052921999999995,-118.14346499999999
H,Olive Oil,-0.4,0.0,4.3,91754,34.052921999999995,-118.14346499999999
H,Tomatoes,0.30000000000000004,0.0,0.5249999999999999,91754,34.052921999999995,-118.14346499999999
H,Onions & Leeks,0.0,0.0,0.18000000000000002,91754,34.052921999999995,-118.14346499999999
H,Root Vegetables,0.0,0.0,0.16000000000000003,91754,34.052921999999995,-118.14346499999999
H,Brassicas,0.0,0.0,0.3,91754,34.052921999999995,-118.14346499999999
H,Other Vegetables,0.0,0.0,0.2,91754,34.052921999999995,-118.14346499999999
H,Citrus Fruit,-0.11000000000000001,0.0,0.33,91754,34.052921999999995,-118.14346499999999
H,Bananas,0.0,0.0,0.3,91754,34.052921999999995,-118.14346499999999
H,Apples,0.0,0.0,0.30000000000000004,91754,34.052921999999995,-118.14346499999999
H,Berries & Grapes,0.0,0.0,0.7,91754,34.052921999999995,-118.14346499999999
H,Wine,-0.06,0.0,0.36,91754,34.052921999999995,-118.14346499999999
H,Other Fruit,0.13999999999999999,0.0,0.5599999999999999,91754,34.052921999999995,-118.14346499999999
H,Coffee,5.550000000000001,0.0,15.600000000000001,91754,34.052921999999995,-118.14346499999999
H,Dark Chocolate,21.450000000000003,0.0,5.550000000000001,91754,34.052921999999995,-118.14346499999999
H,Beef (beef herd),14.670000000000002,1.71,35.46,91754,34.052921999999995,-118.14346499999999
H,Beef (dairy herd),0.9,2.5,15.7,91754,34.052921999999995,-118.14346499999999
H,Lamb & Mutton,0.5,2.4,19.5,91754,34.052921999999995,-118.14346499999999
H,Pig Meat,1.125,2.175,1.275,91754,34.052921999999995,-118.14346499999999
H,Poultry Meat,3.0,2.16,0.84,91754,34.052921999999995,-118.14346499999999
H,Milk,0.45,0.18000000000000002,1.35,91754,34.052921999999995,-118.14346499999999
H,Cheese,4.5,2.3,13.1,91754,34.052921999999995,-118.14346499999999
H,Eggs,0.63,1.9800000000000002,1.1700000000000002,91754,34.052921999999995,-118.14346499999999
H,Fish (farmed),0.25,0.4,1.8,91754,34.052921999999995,-118.14346499999999
H,Shrimps (farmed),0.24,3.0,10.08,91754,34.052921999999995,-118.14346499999999
I,Wheat & Rye (Bread),0.07500000000000001,0.0,0.6000000000000001,58495,46.277793,-99.604874
I,Maize (Meal),0.375,0.0,0.625,58495,46.277793,-99.604874
I,Barley (Beer),0.0,0.0,0.15000000000000002,58495,46.277793,-99.604874
I,Oatmeal,0.0,0.0,2.0999999999999996,58495,46.277793,-99.604874
I,Rice,0.0,0.0,3.6,58495,46.277793,-99.604874
I,Potatoes,0.0,0.0,0.22000000000000003,58495,46.277793,-99.604874
I,Cassava,0.84,0.0,0.27999999999999997,58495,46.277793,-99.604874
I,Cane Sugar,1.2,0.0,0.5,58495,46.277793,-99.604874
I,Beet Sugar,0.0,0.0,0.6,58495,46.277793,-99.604874
I,Other Pulses,0.0,0.0,1.2100000000000002,58495,46.277793,-99.604874
I,Peas,0.0,0.0,0.5249999999999999,58495,46.277793,-99.604874
I,Nuts,-2.52,0.0,2.52,58495,46.277793,-99.604874
I,Groundnuts,0.4,0.0,1.4,58495,46.277793,-99.604874
I,Soymilk,0.18000000000000002,0.0,0.09000000000000001,58495,46.277793,-99.604874
I,Tofu,0.9,0.0,0.45,58495,46.277793,-99.604874
I,Soybean Oil,2.79,0.0,1.35,58495,46.277793,-99.604874
I,Palm Oil,2.79,0.0,1.8900000000000001,58495,46.277793,-99.604874
I,Sunflower Oil,0.05,0.0,1.05,58495,46.277793,-99.604874
I,Rapeseed Oil,0.16000000000000003,0.0,1.8399999999999999,58495,46.277793,-99.604874
I,Olive Oil,-0.44000000000000006,0.0,4.73,58495,46.277793,-99.604874
I,Tomatoes,0.36000000000000004,0.0,0.63,58495,46.277793,-99.604874
I,Onions & Leeks,0.0,0.0,0.18000000000000002,58495,46.277793,-99.604874
I,Root Vegetables,0.0,0.0,0.2,58495,46.277793,-99.604874
I,Brassicas,0.0,0.0,0.375,58495,46.277793,-99.604874
I,Other Vegetables,0.0,0.0,0.2,58495,46.277793,-99.604874
I,Citrus Fruit,-0.12,0.0,0.36,58495,46.277793,-99.604874
I,Bananas,0.0,0.0,0.22499999999999998,58495,46.277793,-99.604874
I,Apples,0.0,0.0,0.24,58495,46.277793,-99.604874
I,Berries & Grapes,0.0,0.0,1.0499999999999998,58495,46.277793,-99.604874
I,Wine,-0.08000000000000002,0.0,0.48,58495,46.277793,-99.604874
I,Other Fruit,0.12,0.0,0.48,58495,46.277793,-99.604874
I,Coffee,4.44,0.0,12.48,58495,46.277793,-99.604874
I,Dark Chocolate,17.16,0.0,4.44,58495,46.277793,-99.604874
I,Beef (beef herd),16.3,1.9,39.4,58495,46.277793,-99.604874
I,Beef (dairy herd),0.81,2.25,14.129999999999999,58495,46.277793,-99.604874
I,Lamb & Mutton,0.5,2.4,19.5,58495,46.277793,-99.604874
I,Pig Meat,1.7999999999999998,3.48,2.04,58495,46.277793,-99.604874
I,Poultry Meat,1.875,1.35,0.5249999999999999,58495,46.277793,-99.604874
I,Milk,0.5,0.2,1.5,58495,46.277793,-99.604874
I,Cheese,2.25,1.15,6.55,58495,46.277793,-99.604874
I,Eggs,0.5249999999999999,1.6500000000000001,0.9750000000000001,58495,46.277793,-99.604874
I,Fish (farmed),0.25,0.4,1.8,58495,46.277793,-99.604874
I,Shrimps (farmed),0.24,3.0,10.08,58495,46.277793,-99.604874
J,Wheat & Rye (Bread),0.13999999999999999,0.0,1.1199999999999999,35040,33.102967,-86.728894
J,Maize (Meal),0.3,0.0,0.5,35040,33.102967,-86.728894
J,Barley (Beer),0.0,0.0,0.2,35040,33.102967,-86.728894
J,Oatmeal,0.0,0.0,1.68,35040,33.102967,-86.728894
J,Rice,0.0,0.0,3.9600000000000004,35040,33.102967,-86.728894
J,Potatoes,0.0,0.0,0.12,35040,33.102967,-86.728894
J,Cassava,0.6,0.0,0.2,35040,33.102967,-86.728894
J,Cane Sugar,1.5,0.0,0.625,35040,33.102967,-86.728894
J,Beet Sugar,0.0,0.0,0.5,35040,33.102967,-86.728894
J,Other Pulses,0.0,0.0,0.9900000000000001,35040,33.102967,-86.728894
J,Peas,0.0,0.0,0.7,35040,33.102967,-86.728894
J,Nuts,-2.1,0.0,2.1,35040,33.102967,-86.728894
J,Groundnuts,0.36000000000000004,0.0,1.26,35040,33.102967,-86.728894
J,Soymilk,0.2,0.0,0.1,35040,33.102967,-86.728894
J,Tofu,1.0,0.0,0.5,35040,33.102967,-86.728894
J,Soybean Oil,1.55,0.0,0.75,35040,33.102967,-86.728894
J,Palm Oil,2.4800000000000004,0.0,1.6800000000000002,35040,33.102967,-86.728894
J,Sunflower Oil,0.09000000000000001,0.0,1.8900000000000001,35040,33.102967,-86.728894
J,Rapeseed Oil,0.2,0.0,2.3,35040,33.102967,-86.728894
J,Olive Oil,-0.44000000000000006,0.0,4.73,35040,33.102967,-86.728894
J,Tomatoes,0.24,0.0,0.42,35040,33.102967,-86.728894
J,Onions & Leeks,0.0,0.0,0.27999999999999997,35040,33.102967,-86.728894
J,Root Vegetables,0.0,0.0,0.18000000000000002,35040,33.102967,-86.728894
J,Brassicas,0.0,0.0,0.36,35040,33.102967,-86.728894
J,Other Vegetables,0.0,0.0,0.15000000000000002,35040,33.102967,-86.728894
J,Citrus Fruit,-0.09000000000000001,0.0,0.27,35040,33.102967,-86.728894
J,Bananas,0.0,0.0,0.44999999999999996,35040,33.102967,-86.728894
J,Apples,0.0,0.0,0.24,35040,33.102967,-86.728894
J,Berries & Grapes,0.0,0.0,0.9799999999999999,35040,33.102967,-86.728894
J,Wine,-0.06,0.0,0.36,35040,33.102967,-86.728894
J,Other Fruit,0.125,0.0,0.5,35040,33.102967,-86.728894
J,Coffee,1.85,0.0,5.2,35040,33.102967,-86.728894
J,Dark Chocolate,17.875,0.0,4.625,35040,33.102967,-86.728894
J,Beef (beef herd),16.3,1.9,39.4,35040,33.102967,-86.728894
J,Beef (dairy herd),0.9,2.5,15.7,35040,33.102967,-86.728894
J,Lamb & Mutton,0.5,2.4,19.5,35040,33.102967,-86.728894
J,Pig Meat,0.8999999999999999,1.74,1.02,35040,33.102967,-86.728894
J,Poultry Meat,2.25,1.62,0.63,35040,33.102967,-86.728894
J,Milk,0.3,0.12,0.8999999999999999,35040,33.102967,-86.728894
J,Cheese,3.375,1.7249999999999999,9.825,35040,33.102967,-86.728894
J,Eggs,0.35,1.1,0.65,35040,33.102967,-86.728894
J,Fish (farmed),0.375,0.6000000000000001,2.7,35040,33.102967,-86.728894
J,Shrimps (farmed),0.16000000000000003,2.0,6.720000000000001,35040,33.102967,-86.728894
K,Wheat & Rye (Bread),0.1,0.0,0.8,43333,40.443022,-83.924616
K,Maize (Meal),0.33,0.0,0.55,43333,40.443022,-83.924616
K,Barley (Beer),0.0,0.0,0.24,43333,40.443022,-83.924616
K,Oatmeal,0.0,0.0,1.68,43333,40.443022,-83.924616
K,Rice,0.0,0.0,3.24,43333,40.443022,-83.924616
K,Potatoes,0.0,0.0,0.27999999999999997,43333,40.443022,-83.924616
K,Cassava,0.66,0.0,0.22000000000000003,43333,40.443022,-83.924616
K,Cane Sugar,0.6,0.0,0.25,43333,40.443022,-83.924616
K,Beet Sugar,0.0,0.0,0.3,43333,40.443022,-83.924616
K,Other Pulses,0.0,0.0,1.1,43333,40.443022,-83.924616
K,Peas,0.0,0.0,0.5599999999999999,43333,40.443022,-83.924616
K,Nuts,-2.625,0.0,2.625,43333,40.443022,-83.924616
K,Groundnuts,0.5599999999999999,0.0,1.9599999999999997,43333,40.443022,-83.924616
K,Soymilk,0.18000000000000002,0.0,0.09000000000000001,43333,40.443022,-83.924616
K,Tofu,1.25,0.0,0.625,43333,40.443022,-83.924616
K,Soybean Oil,2.4800000000000004,0.0,1.2000000000000002,43333,40.443022,-83.924616
K,Palm Oil,3.1,0.0,2.1,43333,40.443022,-83.924616
K,Sunflower Oil,0.12,0.0,2.52,43333,40.443022,-83.924616
K,Rapeseed Oil,0.24,0.0,2.76,43333,40.443022,-83.924616
K,Olive Oil,-0.4,0.0,4.3,43333,40.443022,-83.924616
K,Tomatoes,0.4,0.0,0.7,43333,40.443022,-83.924616
K,Onions & Leeks,0.0,0.0,0.30000000000000004,43333,40.443022,-83.924616
K,Root Vegetables,0.0,0.0,0.2,43333,40.443022,-83.924616
K,Brassicas,0.0,0.0,0.42,43333,40.443022,-83.924616
K,Other Vegetables,0.0,0.0,0.2,43333,40.443022,-83.924616
K,Citrus Fruit,-0.12,0.0,0.36,43333,40.443022,-83.924616
K,Bananas,0.0,0.0,0.22499999999999998,43333,40.443022,-83.924616
K,Apples,0.0,0.0,0.30000000000000004,43333,40.443022,-83.924616
K,Berries & Grapes,0.0,0.0,1.0499999999999998,43333,40.443022,-83.924616
K,Wine,-0.12,0.0,0.72,43333,40.443022,-83.924616
K,Other Fruit,0.09000000000000001,0.0,0.36000000000000004,43333,40.443022,-83.924616
K,Coffee,5.18,0.0,14.559999999999999,43333,40.443022,-83.924616
K,Dark Chocolate,14.3,0.0,3.7,43333,40.443022,-83.924616
K,Beef (beef herd),20.375,2.375,49.25,43333,40.443022,-83.924616
K,Beef (dairy herd),0.81,2.25,14.129999999999999,43333,40.443022,-83.924616
K,Lamb & Mutton,0.4,1.92,15.600000000000001,43333,40.443022,-83.924616
K,Pig Meat,2.0999999999999996,4.06,2.38,43333,40.443022,-83.924616
K,Poultry Meat,2.5,1.8,0.7,43333,40.443022,-83.924616
K,Milk,0.5,0.2,1.5,43333,40.443022,-83.924616
K,Cheese,5.625,2.875,16.375,43333,40.443022,-83.924616
K,Eggs,0.7,2.2,1.3,43333,40.443022,-83.924616
K,Fish (farmed),0.4,0.6400000000000001,2.8800000000000003,43333,40.443022,-83.924616
K,Shrimps (farmed),0.30000000000000004,3.75,12.600000000000001,43333,40.443022,-83.924616
L,Wheat & Rye (Bread),0.07500000000000001,0.0,0.6000000000000001,47958,40.164219,-87.142399
L,Maize (Meal),0.3,0.0,0.5,47958,40.164219,-87.142399
L,Barley (Beer),0.0,0.0,0.2,47958,40.164219,-87.142399
L,Oatmeal,0.0,0.0,1.68,47958,40.164219,-87.142399
L,Rice,0.0,0.0,5.04,47958,40.164219,-87.142399
L,Potatoes,0.0,0.0,0.18000000000000002,47958,40.164219,-87.142399
L,Cassava,0.6,0.0,0.2,47958,40.164219,-87.142399
L,Cane Sugar,1.32,0.0,0.55,47958,40.164219,-87.142399
L,Beet Sugar,0.0,0.0,0.3,47958,40.164219,-87.142399
L,Other Pulses,0.0,0.0,0.8800000000000001,47958,40.164219,-87.142399
L,Peas,0.0,0.0,0.875,47958,40.164219,-87.142399
L,Nuts,-1.05,0.0,1.05,47958,40.164219,-87.142399
L,Groundnuts,0.5599999999999999,0.0,1.9599999999999997,47958,40.164219,-87.142399
L,Soymilk,0.27999999999999997,0.0,0.13999999999999999,47958,40.164219,-87.142399
L,Tofu,1.0,0.0,0.5,47958,40.164219,-87.142399
L,Soybean Oil,2.4800000000000004,0.0,1.2000000000000002,47958,40.164219,-87.142399
L,Palm Oil,3.1,0.0,2.1,47958,40.164219,-87.142399
L,Sunflower Oil,0.1,0.0,2.1,47958,40.164219,-87.142399
L,Rapeseed Oil,0.2,0.0,2.3,47958,40.164219,-87.142399
L,Olive Oil,-0.4,0.0,4.3,47958,40.164219,-87.142399
L,Tomatoes,0.5,0.0,0.875,47958,40.164219,-87.142399
L,Onions & Leeks,0.0,0.0,0.2,47958,40.164219,-87.142399
L,Root Vegetables,0.0,0.0,0.1,47958,40.164219,-87.142399
L,Brassicas,0.0,0.0,0.36,47958,40.164219,-87.142399
L,Other Vegetables,0.0,0.0,0.2,47958,40.164219,-87.142399
L,Citrus Fruit,-0.11000000000000001,0.0,0.33,47958,40.164219,-87.142399
L,Bananas,0.0,0.0,0.3,47958,40.164219,-87.142399
L,Apples,0.0,0.0,0.15000000000000002,47958,40.164219,-87.142399
L,Berries & Grapes,0.0,0.0,0.7,47958,40.164219,-87.142399
L,Wine,-0.11000000000000001,0.0,0.66,47958,40.164219,-87.142399
L,Other Fruit,0.13999999999999999,0.0,0.5599999999999999,47958,40.164219,-87.142399
L,Coffee,3.33,0.0,9.360000000000001,47958,40.164219,-87.142399
L,Dark Chocolate,17.875,0.0,4.625,47958,40.164219,-87.142399
L,Beef (beef herd),19.56,2.28,47.279999999999994,47958,40.164219,-87.142399
L,Beef (dairy herd),1.35,3.75,23.549999999999997,47958,40.164219,-87.142399
L,Lamb & Mutton,0.55,2.64,21.450000000000003,47958,40.164219,-87.142399
L,Pig Meat,1.2000000000000002,2.32,1.36,47958,40.164219,-87.142399
L,Poultry Meat,1.5,1.08,0.42,47958,40.164219,-87.142399
L,Milk,0.625,0.25,1.875,47958,40.164219,-87.142399
L,Cheese,2.25,1.15,6.55,47958,40.164219,-87.142399
L,Eggs,0.7,2.2,1.3,47958,40.164219,-87.142399
L,Fish (farmed),0.375,0.6000000000000001,2.7,47958,40.164219,-87.142399
L,Shrimps (farmed),0.18000000000000002,2.25,7.5600000000000005,47958,40.164219,-87.142399
M,Wheat & Rye (Bread),0.05,0.0,0.4,47037,39.169482,-85.32565600000001
M,Maize (Meal),0.36,0.0,0.6,47037,39.169482,-85.32565600000001
M,Barley (Beer),0.0,0.0,0.24,47037,39.169482,-85.32565600000001
M,Oatmeal,0.0,0.0,1.4,47037,39.169482,-85.32565600000001
M,Rice,0.0,0.0,3.6,47037,39.169482,-85.32565600000001
M,Potatoes,0.0,0.0,0.2,47037,39.169482,-85.32565600000001
M,Cassava,0.6,0.0,0.2,47037,39.169482,-85.32565600000001
M,Cane Sugar,1.2,0.0,0.5,47037,39.169482,-85.32565600000001
M,Beet Sugar,0.0,0.0,0.5,47037,39.169482,-85.32565600000001
M,Other Pulses,0.0,0.0,0.8800000000000001,47037,39.169482,-85.32565600000001
M,Peas,0.0,0.0,0.84,47037,39.169482,-85.32565600000001
M,Nuts,-2.625,0.0,2.625,47037,39.169482,-85.32565600000001
M,Groundnuts,0.5,0.0,1.75,47037,39.169482,-85.32565600000001
M,Soymilk,0.24,0.0,0.12,47037,39.169482,-85.32565600000001
M,Tofu,1.0,0.0,0.5,47037,39.169482,-85.32565600000001
M,Soybean Oil,3.7199999999999998,0.0,1.7999999999999998,47037,39.169482,-85.32565600000001
M,Palm Oil,3.7199999999999998,0.0,2.52,47037,39.169482,-85.32565600000001
M,Sunflower Oil,0.125,0.0,2.625,47037,39.169482,-85.32565600000001
M,Rapeseed Oil,0.27999999999999997,0.0,3.2199999999999998,47037,39.169482,-85.32565600000001
M,Olive Oil,-0.4,0.0,4.3,47037,39.169482,-85.32565600000001
M,Tomatoes,0.30000000000000004,0.0,0.5249999999999999,47037,39.169482,-85.32565600000001
M,Onions & Leeks,0.0,0.0,0.2,47037,39.169482,-85.32565600000001
M,Root Vegetables,0.0,0.0,0.24,47037,39.169482,-85.32565600000001
M,Brassicas,0.0,0.0,0.15,47037,39.169482,-85.32565600000001
M,Other Vegetables,0.0,0.0,0.25,47037,39.169482,-85.32565600000001
M,Citrus Fruit,-0.12,0.0,0.36,47037,39.169482,-85.32565600000001
M,Bananas,0.0,0.0,0.3,47037,39.169482,-85.32565600000001
M,Apples,0.0,0.0,0.2,47037,39.169482,-85.32565600000001
M,Berries & Grapes,0.0,0.0,0.875,47037,39.169482,-85.32565600000001
M,Wine,-0.08000000000000002,0.0,0.48,47037,39.169482,-85.32565600000001
M,Other Fruit,0.1,0.0,0.4,47037,39.169482,-85.32565600000001
M,Coffee,3.33,0.0,9.360000000000001,47037,39.169482,-85.32565600000001
M,Dark Chocolate,7.15,0.0,1.85,47037,39.169482,-85.32565600000001
M,Beef (beef herd),17.930000000000003,2.09,43.34,47037,39.169482,-85.32565600000001
M,Beef (dairy herd),0.7200000000000001,2.0,12.56,47037,39.169482,-85.32565600000001
M,Lamb & Mutton,0.5,2.4,19.5,47037,39.169482,-85.32565600000001
M,Pig Meat,1.5,2.9,1.7,47037,39.169482,-85.32565600000001
M,Poultry Meat,2.25,1.62,0.63,47037,39.169482,-85.32565600000001
M,Milk,0.4,0.16000000000000003,1.2000000000000002,47037,39.169482,-85.32565600000001
M,Cheese,4.95,2.53,14.41,47037,39.169482,-85.32565600000001
M,Eggs,0.63,1.9800000000000002,1.1700000000000002,47037,39.169482,-85.32565600000001
M,Fish (farmed),0.5,0.8,3.6,47037,39.169482,-85.32565600000001
M,Shrimps (farmed),0.25,3.125,10.5,47037,39.169482,-85.32565600000001
N,Wheat & Rye (Bread),0.11000000000000001,0.0,0.8800000000000001,55961,43.608402000000005,-92.47375699999999
N,Maize (Meal),0.36,0.0,0.6,55961,43.608402000000005,-92.47375699999999
N,Barley (Beer),0.0,0.0,0.12,55961,43.608402000000005,-92.47375699999999
N,Oatmeal,0.0,0.0,0.7,55961,43.608402000000005,-92.47375699999999
N,Rice,0.0,0.0,4.32,55961,43.608402000000005,-92.47375699999999
N,Potatoes,0.0,0.0,0.16000000000000003,55961,43.608402000000005,-92.47375699999999
N,Cassava,0.75,0.0,0.25,55961,43.608402000000005,-92.47375699999999
N,Cane Sugar,1.2,0.0,0.5,55961,43.608402000000005,-92.47375699999999
N,Beet Sugar,0.0,0.0,0.5,55961,43.608402000000005,-92.47375699999999
N,Other Pulses,0.0,0.0,1.1,55961,43.608402000000005,-92.47375699999999
N,Peas,0.0,0.0,0.7,55961,43.608402000000005,-92.47375699999999
N,Nuts,-3.1500000000000004,0.0,3.1500000000000004,55961,43.608402000000005,-92.47375699999999
N,Groundnuts,0.5599999999999999,0.0,1.9599999999999997,55961,43.608402000000005,-92.47375699999999
N,Soymilk,0.22000000000000003,0.0,0.11000000000000001,55961,43.608402000000005,-92.47375699999999
N,Tofu,1.2,0.0,0.6,55961,43.608402000000005,-92.47375699999999
N,Soybean Oil,4.34,0.0,2.0999999999999996,55961,43.608402000000005,-92.47375699999999
N,Palm Oil,3.875,0.0,2.625,55961,43.608402000000005,-92.47375699999999
N,Sunflower Oil,0.07500000000000001,0.0,1.5750000000000002,55961,43.608402000000005,-92.47375699999999
N,Rapeseed Oil,0.24,0.0,2.76,55961,43.608402000000005,-92.47375699999999
N,Olive Oil,-0.2,0.0,2.15,55961,43.608402000000005,-92.47375699999999
N,Tomatoes,0.4,0.0,0.7,55961,43.608402000000005,-92.47375699999999
N,Onions & Leeks,0.0,0.0,0.2,55961,43.608402000000005,-92.47375699999999
N,Root Vegetables,0.0,0.0,0.2,55961,43.608402000000005,-92.47375699999999
N,Brassicas,0.0,0.0,0.3,55961,43.608402000000005,-92.47375699999999
N,Other Vegetables,0.0,0.0,0.2,55961,43.608402000000005,-92.47375699999999
N,Citrus Fruit,-0.125,0.0,0.375,55961,43.608402000000005,-92.47375699999999
N,Bananas,0.0,0.0,0.375,55961,43.608402000000005,-92.47375699999999
N,Apples,0.0,0.0,0.2,55961,43.608402000000005,-92.47375699999999
N,Berries & Grapes,0.0,0.0,0.875,55961,43.608402000000005,-92.47375699999999
N,Wine,-0.08000000000000002,0.0,0.48,55961,43.608402000000005,-92.47375699999999
N,Other Fruit,0.08000000000000002,0.0,0.32000000000000006,55961,43.608402000000005,-92.47375699999999
N,Coffee,4.44,0.0,12.48,55961,43.608402000000005,-92.47375699999999
N,Dark Chocolate,7.15,0.0,1.85,55961,43.608402000000005,-92.47375699999999
N,Beef (beef herd),24.450000000000003,2.8499999999999996,59.099999999999994,55961,43.608402000000005,-92.47375699999999
N,Beef (dairy herd),0.7200000000000001,2.0,12.56,55961,43.608402000000005,-92.47375699999999
N,Lamb & Mutton,0.375,1.7999999999999998,14.625,55961,43.608402000000005,-92.47375699999999
N,Pig Meat,1.5,2.9,1.7,55961,43.608402000000005,-92.47375699999999
N,Poultry Meat,1.25,0.9,0.35,55961,43.608402000000005,-92.47375699999999
N,Milk,0.55,0.22000000000000003,1.6500000000000001,55961,43.608402000000005,-92.47375699999999
N,Cheese,4.5,2.3,13.1,55961,43.608402000000005,-92.47375699999999
N,Eggs,0.5249999999999999,1.6500000000000001,0.9750000000000001,55961,43.608402000000005,-92.47375699999999
N,Fish (farmed),0.55,0.8800000000000001,3.9600000000000004,55961,43.608402000000005,-92.47375699999999
N,Shrimps (farmed),0.2,2.5,8.4,55961,43.608402000000005,-92.47375699999999
O,Wheat & Rye (Bread),0.12,0.0,0.96,13324,43.320640999999995,-74.961602
O,Maize (Meal),0.375,0.0,0.625,13324,43.320640999999995,-74.961602
O,Barley (Beer),0.0,0.0,0.25,13324,43.320640999999995,-74.961602
O,Oatmeal,0.0,0.0,1.4,13324,43.320640999999995,-74.961602
O,Rice,0.0,0.0,5.4,13324,43.320640999999995,-74.961602
O,Potatoes,0.0,0.0,0.30000000000000004,13324,43.320640999999995,-74.961602
O,Cassava,0.6,0.0,0.2,13324,43.320640999999995,-74.961602
O,Cane Sugar,1.08,0.0,0.45,13324,43.320640999999995,-74.961602
O,Beet Sugar,0.0,0.0,0.375,13324,43.320640999999995,-74.961602
O,Other Pulses,0.0,0.0,0.66,13324,43.320640999999995,-74.961602
O,Peas,0.0,0.0,0.63,13324,43.320640999999995,-74.961602
O,Nuts,-2.1,0.0,2.1,13324,43.320640999999995,-74.961602
O,Groundnuts,0.36000000000000004,0.0,1.26,13324,43.320640999999995,-74.961602
O,Soymilk,0.25,0.0,0.125,13324,43.320640999999995,-74.961602
O,Tofu,1.1,0.0,0.55,13324,43.320640999999995,-74.961602
O,Soybean Oil,3.4100000000000006,0.0,1.6500000000000001,13324,43.320640999999995,-74.961602
O,Palm Oil,2.79,0.0,1.8900000000000001,13324,43.320640999999995,-74.961602
O,Sunflower Oil,0.125,0.0,2.625,13324,43.320640999999995,-74.961602
O,Rapeseed Oil,0.25,0.0,2.875,13324,43.320640999999995,-74.961602
O,Olive Oil,-0.5,0.0,5.375,13324,43.320640999999995,-74.961602
O,Tomatoes,0.24,0.0,0.42,13324,43.320640999999995,-74.961602
O,Onions & Leeks,0.0,0.0,0.25,13324,43.320640999999995,-74.961602
O,Root Vegetables,0.0,0.0,0.2,13324,43.320640999999995,-74.961602
O,Brassicas,0.0,0.0,0.33,13324,43.320640999999995,-74.961602
O,Other Vegetables,0.0,0.0,0.16000000000000003,13324,43.320640999999995,-74.961602
O,Citrus Fruit,-0.1,0.0,0.3,13324,43.320640999999995,-74.961602
O,Bananas,0.0,0.0,0.3,13324,43.320640999999995,-74.961602
O,Apples,0.0,0.0,0.15000000000000002,13324,43.320640999999995,-74.961602
O,Berries & Grapes,0.0,0.0,0.42,13324,43.320640999999995,-74.961602
O,Wine,-0.12,0.0,0.72,13324,43.320640999999995,-74.961602
O,Other Fruit,0.1,0.0,0.4,13324,43.320640999999995,-74.961602
O,Coffee,4.44,0.0,12.48,13324,43.320640999999995,-74.961602
O,Dark Chocolate,20.02,0.0,5.18,13324,43.320640999999995,-74.961602
O,Beef (beef herd),16.3,1.9,39.4,13324,43.320640999999995,-74.961602
O,Beef (dairy herd),0.675,1.875,11.774999999999999,13324,43.320640999999995,-74.961602
O,Lamb & Mutton,0.25,1.2,9.75,13324,43.320640999999995,-74.961602
O,Pig Meat,1.125,2.175,1.275,13324,43.320640999999995,-74.961602
O,Poultry Meat,1.875,1.35,0.5249999999999999,13324,43.320640999999995,-74.961602
O,Milk,0.45,0.18000000000000002,1.35,13324,43.320640999999995,-74.961602
O,Cheese,4.05,2.07,11.79,13324,43.320640999999995,-74.961602
O,Eggs,0.84,2.64,1.56,13324,43.320640999999995,-74.961602
O,Fish (farmed),0.5,0.8,3.6,13324,43.320640999999995,-74.961602
O,Shrimps (farmed),0.18000000000000002,2.25,7.5600000000000005,13324,43.320640999999995,-74.961602
P,Wheat & Rye (Bread),0.11000000000000001,0.0,0.8800000000000001,57534,43.570921999999996,-99.687364
P,Maize (Meal),0.3,0.0,0.5,57534,43.570921999999996,-99.687364
P,Barley (Beer),0.0,0.0,0.2,57534,43.570921999999996,-99.687364
P,Oatmeal,0.0,0.0,1.4,57534,43.570921999999996,-99.687364
P,Rice,0.0,0.0,4.32,57534,43.570921999999996,-99.687364
P,Potatoes,0.0,0.0,0.2,57534,43.570921999999996,-99.687364
P,Cassava,0.54,0.0,0.18000000000000002,57534,43.570921999999996,-99.687364
P,Cane Sugar,0.8999999999999999,0.0,0.375,57534,43.570921999999996,-99.687364
P,Beet Sugar,0.0,0.0,0.5,57534,43.570921999999996,-99.687364
P,Other Pulses,0.0,0.0,1.6500000000000001,57534,43.570921999999996,-99.687364
P,Peas,0.0,0.0,0.63,57534,43.570921999999996,-99.687364
P,Nuts,-2.3100000000000005,0.0,2.3100000000000005,57534,43.570921999999996,-99.687364
P,Groundnuts,0.32000000000000006,0.0,1.1199999999999999,57534,43.570921999999996,-99.687364
P,Soymilk,0.2,0.0,0.1,57534,43.570921999999996,-99.687364
P,Tofu,0.75,0.0,0.375,57534,43.570921999999996,-99.687364
P,Soybean Oil,2.4800000000000004,0.0,1.2000000000000002,57534,43.570921999999996,-99.687364
P,Palm Oil,2.4800000000000004,0.0,1.6800000000000002,57534,43.570921999999996,-99.687364
P,Sunflower Oil,0.1,0.0,2.1,57534,43.570921999999996,-99.687364
P,Rapeseed Oil,0.2,0.0,2.3,57534,43.570921999999996,-99.687364
P,Olive Oil,-0.32000000000000006,0.0,3.44,57534,43.570921999999996,-99.687364
P,Tomatoes,0.44000000000000006,0.0,0.77,57534,43.570921999999996,-99.687364
P,Onions & Leeks,0.0,0.0,0.2,57534,43.570921999999996,-99.687364
P,Root Vegetables,0.0,0.0,0.18000000000000002,57534,43.570921999999996,-99.687364
P,Brassicas,0.0,0.0,0.3,57534,43.570921999999996,-99.687364
P,Other Vegetables,0.0,0.0,0.18000000000000002,57534,43.570921999999996,-99.687364
P,Citrus Fruit,-0.08000000000000002,0.0,0.24,57534,43.570921999999996,-99.687364
P,Bananas,0.0,0.0,0.15,57534,43.570921999999996,-99.687364
P,Apples,0.0,0.0,0.25,57534,43.570921999999996,-99.687364
P,Berries & Grapes,0.0,0.0,0.77,57534,43.570921999999996,-99.687364
P,Wine,-0.12,0.0,0.72,57534,43.570921999999996,-99.687364
P,Other Fruit,0.15000000000000002,0.0,0.6000000000000001,57534,43.570921999999996,-99.687364
P,Coffee,3.33,0.0,9.360000000000001,57534,43.570921999999996,-99.687364
P,Dark Chocolate,11.440000000000001,0.0,2.9600000000000004,57534,43.570921999999996,-99.687364
P,Beef (beef herd),16.3,1.9,39.4,57534,43.570921999999996,-99.687364
P,Beef (dairy herd),0.9900000000000001,2.75,17.27,57534,43.570921999999996,-99.687364
P,Lamb & Mutton,0.5,2.4,19.5,57534,43.570921999999996,-99.687364
P,Pig Meat,1.125,2.175,1.275,57534,43.570921999999996,-99.687364
P,Poultry Meat,2.5,1.8,0.7,57534,43.570921999999996,-99.687364
P,Milk,0.45,0.18000000000000002,1.35,57534,43.570921999999996,-99.687364
P,Cheese,2.6999999999999997,1.38,7.859999999999999,57534,43.570921999999996,-99.687364
P,Eggs,0.42,1.32,0.78,57534,43.570921999999996,-99.687364
P,Fish (farmed),0.3,0.48,2.16,57534,43.570921999999996,-99.687364
P,Shrimps (farmed),0.2,2.5,8.4,57534,43.570921999999996,-99.687364
Q,Wheat & Rye (Bread),0.09000000000000001,0.0,0.7200000000000001,24577,36.943958,-78.98277
Q,Maize (Meal),0.24,0.0,0.4,24577,36.943958,-78.98277
Q,Barley (Beer),0.0,0.0,0.16000000000000003,24577,36.943958,-78.98277
Q,Oatmeal,0.0,0.0,2.0999999999999996,24577,36.943958,-78.98277
Q,Rice,0.0,0.0,2.7,24577,36.943958,-78.98277
Q,Potatoes,0.0,0.0,0.22000000000000003,24577,36.943958,-78.98277
Q,Cassava,0.6,0.0,0.2,24577,36.943958,-78.98277
Q,Cane Sugar,1.32,0.0,0.55,24577,36.943958,-78.98277
Q,Beet Sugar,0.0,0.0,0.5,24577,36.943958,-78.98277
Q,Other Pulses,0.0,0.0,0.8800000000000001,24577,36.943958,-78.98277
Q,Peas,0.0,0.0,0.7,24577,36.943958,-78.98277
Q,Nuts,-2.3100000000000005,0.0,2.3100000000000005,24577,36.943958,-78.98277
Q,Groundnuts,0.4,0.0,1.4,24577,36.943958,-78.98277
Q,Soymilk,0.15000000000000002,0.0,0.07500000000000001,24577,36.943958,-78.98277
Q,Tofu,0.9,0.0,0.45,24577,36.943958,-78.98277
Q,Soybean Oil,3.7199999999999998,0.0,1.7999999999999998,24577,36.943958,-78.98277
Q,Palm Oil,3.4100000000000006,0.0,2.3100000000000005,24577,36.943958,-78.98277
Q,Sunflower Oil,0.06,0.0,1.26,24577,36.943958,-78.98277
Q,Rapeseed Oil,0.30000000000000004,0.0,3.4499999999999997,24577,36.943958,-78.98277
Q,Olive Oil,-0.4,0.0,4.3,24577,36.943958,-78.98277
Q,Tomatoes,0.6000000000000001,0.0,1.0499999999999998,24577,36.943958,-78.98277
Q,Onions & Leeks,0.0,0.0,0.2,24577,36.943958,-78.98277
Q,Root Vegetables,0.0,0.0,0.22000000000000003,24577,36.943958,-78.98277
Q,Brassicas,0.0,0.0,0.3,24577,36.943958,-78.98277
Q,Other Vegetables,0.0,0.0,0.15000000000000002,24577,36.943958,-78.98277
Q,Citrus Fruit,-0.1,0.0,0.3,24577,36.943958,-78.98277
Q,Bananas,0.0,0.0,0.24,24577,36.943958,-78.98277
Q,Apples,0.0,0.0,0.2,24577,36.943958,-78.98277
Q,Berries & Grapes,0.0,0.0,0.5249999999999999,24577,36.943958,-78.98277
Q,Wine,-0.1,0.0,0.6,24577,36.943958,-78.98277
Q,Other Fruit,0.07500000000000001,0.0,0.30000000000000004,24577,36.943958,-78.98277
Q,Coffee,3.33,0.0,9.360000000000001,24577,36.943958,-78.98277
Q,Dark Chocolate,15.730000000000002,0.0,4.07,24577,36.943958,-78.98277
Q,Beef (beef herd),14.670000000000002,1.71,35.46,24577,36.943958,-78.98277
Q,Beef (dairy herd),0.7200000000000001,2.0,12.56,24577,36.943958,-78.98277
Q,Lamb & Mutton,0.625,3.0,24.375,24577,36.943958,-78.98277
Q,Pig Meat,1.6500000000000001,3.19,1.87,24577,36.943958,-78.98277
Q,Poultry Meat,3.125,2.25,0.875,24577,36.943958,-78.98277
Q,Milk,0.7,0.27999999999999997,2.0999999999999996,24577,36.943958,-78.98277
Q,Cheese,4.05,2.07,11.79,24577,36.943958,-78.98277
Q,Eggs,1.0499999999999998,3.3000000000000003,1.9500000000000002,24577,36.943958,-78.98277
Q,Fish (farmed),0.6,0.96,4.32,24577,36.943958,-78.98277
Q,Shrimps (farmed),0.30000000000000004,3.75,12.600000000000001,24577,36.943958,-78.98277
R,Wheat & Rye (Bread),0.1,0.0,0.8,30650,33.583689,-83.47354399999999
R,Maize (Meal),0.22499999999999998,0.0,0.375,30650,33.583689,-83.47354399999999
R,Barley (Beer),0.0,0.0,0.2,30650,33.583689,-83.47354399999999
R,Oatmeal,0.0,0.0,1.1199999999999999,30650,33.583689,-83.47354399999999
R,Rice,0.0,0.0,2.16,30650,33.583689,-83.47354399999999
R,Potatoes,0.0,0.0,0.25,30650,33.583689,-83.47354399999999
R,Cassava,0.75,0.0,0.25,30650,33.583689,-83.47354399999999
R,Cane Sugar,1.5,0.0,0.625,30650,33.583689,-83.47354399999999
R,Beet Sugar,0.0,0.0,0.3,30650,33.583689,-83.47354399999999
R,Other Pulses,0.0,0.0,1.375,30650,33.583689,-83.47354399999999
R,Peas,0.0,0.0,0.7,30650,33.583689,-83.47354399999999
R,Nuts,-2.1,0.0,2.1,30650,33.583689,-83.47354399999999
R,Groundnuts,0.4,0.0,1.4,30650,33.583689,-83.47354399999999
R,Soymilk,0.12,0.0,0.06,30650,33.583689,-83.47354399999999
R,Tofu,1.2,0.0,0.6,30650,33.583689,-83.47354399999999
R,Soybean Oil,3.1,0.0,1.5,30650,33.583689,-83.47354399999999
R,Palm Oil,4.65,0.0,3.1500000000000004,30650,33.583689,-83.47354399999999
R,Sunflower Oil,0.1,0.0,2.1,30650,33.583689,-83.47354399999999
R,Rapeseed Oil,0.18000000000000002,0.0,2.07,30650,33.583689,-83.47354399999999
R,Olive Oil,-0.4,0.0,4.3,30650,33.583689,-83.47354399999999
R,Tomatoes,0.24,0.0,0.42,30650,33.583689,-83.47354399999999
R,Onions & Leeks,0.0,0.0,0.2,30650,33.583689,-83.47354399999999
R,Root Vegetables,0.0,0.0,0.24,30650,33.583689,-83.47354399999999
R,Brassicas,0.0,0.0,0.33,30650,33.583689,-83.47354399999999
R,Other Vegetables,0.0,0.0,0.16000000000000003,30650,33.583689,-83.47354399999999
R,Citrus Fruit,-0.125,0.0,0.375,30650,33.583689,-83.47354399999999
R,Bananas,0.0,0.0,0.24,30650,33.583689,-83.47354399999999
R,Apples,0.0,0.0,0.24,30650,33.583689,-83.47354399999999
R,Berries & Grapes,0.0,0.0,0.5249999999999999,30650,33.583689,-83.47354399999999
R,Wine,-0.125,0.0,0.75,30650,33.583689,-83.47354399999999
R,Other Fruit,0.12,0.0,0.48,30650,33.583689,-83.47354399999999
R,Coffee,5.18,0.0,14.559999999999999,30650,33.583689,-83.47354399999999
R,Dark Chocolate,15.730000000000002,0.0,4.07,30650,33.583689,-83.47354399999999
R,Beef (beef herd),16.3,1.9,39.4,30650,33.583689,-83.47354399999999
R,Beef (dairy herd),1.125,3.125,19.625,30650,33.583689,-83.47354399999999
R,Lamb & Mutton,0.625,3.0,24.375,30650,33.583689,-83.47354399999999
R,Pig Meat,0.8999999999999999,1.74,1.02,30650,33.583689,-83.47354399999999
R,Poultry Meat,2.25,1.62,0.63,30650,33.583689,-83.47354399999999
R,Milk,0.55,0.22000000000000003,1.6500000000000001,30650,33.583689,-83.47354399999999
R,Cheese,4.95,2.53,14.41,30650,33.583689,-83.47354399999999
R,Eggs,0.7,2.2,1.3,30650,33.583689,-83.47354399999999
R,Fish (farmed),0.7,1.1199999999999999,5.04,30650,33.583689,-83.47354399999999
R,Shrimps (farmed),0.2,2.5,8.4,30650,33.583689,-83.47354399999999
S,Wheat & Rye (Bread),0.07500000000000001,0.0,0.6000000000000001,24473,37.934749,-79.415358
S,Maize (Meal),0.27,0.0,0.45,24473,37.934749,-79.415358
S,Barley (Beer),0.0,0.0,0.18000000000000002,24473,37.934749,-79.415358
S,Oatmeal,0.0,0.0,1.4,24473,37.934749,-79.415358
S,Rice,0.0,0.0,2.8800000000000003,24473,37.934749,-79.415358
S,Potatoes,0.0,0.0,0.27999999999999997,24473,37.934749,-79.415358
S,Cassava,0.66,0.0,0.22000000000000003,24473,37.934749,-79.415358
S,Cane Sugar,0.8999999999999999,0.0,0.375,24473,37.934749,-79.415358
S,Beet Sugar,0.0,0.0,0.5,24473,37.934749,-79.415358
S,Other Pulses,0.0,0.0,1.1,24473,37.934749,-79.415358
S,Peas,0.0,0.0,0.63,24473,37.934749,-79.415358
S,Nuts,-1.8900000000000001,0.0,1.8900000000000001,24473,37.934749,-79.415358
S,Groundnuts,0.44000000000000006,0.0,1.54,24473,37.934749,-79.415358
S,Soymilk,0.24,0.0,0.12,24473,37.934749,-79.415358
S,Tofu,1.0,0.0,0.5,24473,37.934749,-79.415358
S,Soybean Oil,3.1,0.0,1.5,24473,37.934749,-79.415358
S,Palm Oil,2.325,0.0,1.5750000000000002,24473,37.934749,-79.415358
S,Sunflower Oil,0.12,0.0,2.52,24473,37.934749,-79.415358
S,Rapeseed Oil,0.18000000000000002,0.0,2.07,24473,37.934749,-79.415358
S,Olive Oil,-0.48,0.0,5.159999999999999,24473,37.934749,-79.415358
S,Tomatoes,0.5599999999999999,0.0,0.9799999999999999,24473,37.934749,-79.415358
S,Onions & Leeks,0.0,0.0,0.2,24473,37.934749,-79.415358
S,Root Vegetables,0.0,0.0,0.2,24473,37.934749,-79.415358
S,Brassicas,0.0,0.0,0.3,24473,37.934749,-79.415358
S,Other Vegetables,0.0,0.0,0.2,24473,37.934749,-79.415358
S,Citrus Fruit,-0.11000000000000001,0.0,0.33,24473,37.934749,-79.415358
S,Bananas,0.0,0.0,0.42,24473,37.934749,-79.415358
S,Apples,0.0,0.0,0.16000000000000003,24473,37.934749,-79.415358
S,Berries & Grapes,0.0,0.0,0.5599999999999999,24473,37.934749,-79.415358
S,Wine,-0.125,0.0,0.75,24473,37.934749,-79.415358
S,Other Fruit,0.1,0.0,0.4,24473,37.934749,-79.415358
S,Coffee,4.07,0.0,11.440000000000001,24473,37.934749,-79.415358
S,Dark Chocolate,8.58,0.0,2.22,24473,37.934749,-79.415358
S,Beef (beef herd),20.375,2.375,49.25,24473,37.934749,-79.415358
S,Beef (dairy herd),1.26,3.5,21.979999999999997,24473,37.934749,-79.415358
S,Lamb & Mutton,0.375,1.7999999999999998,14.625,24473,37.934749,-79.415358
S,Pig Meat,1.7999999999999998,3.48,2.04,24473,37.934749,-79.415358
S,Poultry Meat,1.875,1.35,0.5249999999999999,24473,37.934749,-79.415358
S,Milk,0.5,0.2,1.5,24473,37.934749,-79.415358
S,Cheese,4.5,2.3,13.1,24473,37.934749,-79.415358
S,Eggs,0.77,2.4200000000000004,1.4300000000000002,24473,37.934749,-79.415358
S,Fish (farmed),0.5,0.8,3.6,24473,37.934749,-79.415358
S,Shrimps (farmed),0.15000000000000002,1.875,6.300000000000001,24473,37.934749,-79.415358
T,Wheat & Rye (Bread),0.1,0.0,0.8,87046,36.251145,-106.912108
T,Maize (Meal),0.24,0.0,0.4,87046,36.251145,-106.912108
T,Barley (Beer),0.0,0.0,0.24,87046,36.251145,-106.912108
T,Oatmeal,0.0,0.0,1.26,87046,36.251145,-106.912108
T,Rice,0.0,0.0,4.32,87046,36.251145,-106.912108
T,Potatoes,0.0,0.0,0.2,87046,36.251145,-106.912108
T,Cassava,0.44999999999999996,0.0,0.15000000000000002,87046,36.251145,-106.912108
T,Cane Sugar,0.8999999999999999,0.0,0.375,87046,36.251145,-106.912108
T,Beet Sugar,0.0,0.0,0.375,87046,36.251145,-106.912108
T,Other Pulses,0.0,0.0,0.8800000000000001,87046,36.251145,-106.912108
T,Peas,0.0,0.0,0.63,87046,36.251145,-106.912108
T,Nuts,-2.3100000000000005,0.0,2.3100000000000005,87046,36.251145,-106.912108
T,Groundnuts,0.4,0.0,1.4,87046,36.251145,-106.912108
T,Soymilk,0.15000000000000002,0.0,0.07500000000000001,87046,36.251145,-106.912108
T,Tofu,0.8,0.0,0.4,87046,36.251145,-106.912108
T,Soybean Oil,2.4800000000000004,0.0,1.2000000000000002,87046,36.251145,-106.912108
T,Palm Oil,2.79,0.0,1.8900000000000001,87046,36.251145,-106.912108
T,Sunflower Oil,0.125,0.0,2.625,87046,36.251145,-106.912108
T,Rapeseed Oil,0.24,0.0,2.76,87046,36.251145,-106.912108
T,Olive Oil,-0.5,0.0,5.375,87046,36.251145,-106.912108
T,Tomatoes,0.48,0.0,0.84,87046,36.251145,-106.912108
T,Onions & Leeks,0.0,0.0,0.24,87046,36.251145,-106.912108
T,Root Vegetables,0.0,0.0,0.2,87046,36.251145,-106.912108
T,Brassicas,0.0,0.0,0.3,87046,36.251145,-106.912108
T,Other Vegetables,0.0,0.0,0.22000000000000003,87046,36.251145,-106.912108
T,Citrus Fruit,-0.1,0.0,0.3,87046,36.251145,-106.912108
T,Bananas,0.0,0.0,0.33,87046,36.251145,-106.912108
T,Apples,0.0,0.0,0.15000000000000002,87046,36.251145,-106.912108
T,Berries & Grapes,0.0,0.0,1.0499999999999998,87046,36.251145,-106.912108
T,Wine,-0.11000000000000001,0.0,0.66,87046,36.251145,-106.912108
T,Other Fruit,0.08000000000000002,0.0,0.32000000000000006,87046,36.251145,-106.912108
T,Coffee,2.9600000000000004,0.0,8.32,87046,36.251145,-106.912108
T,Dark Chocolate,12.870000000000001,0.0,3.33,87046,36.251145,-106.912108
T,Beef (beef herd),16.3,1.9,39.4,87046,36.251145,-106.912108
T,Beef (dairy herd),0.9,2.5,15.7,87046,36.251145,-106.912108
T,Lamb & Mutton,0.7,3.36,27.299999999999997,87046,36.251145,-106.912108
T,Pig Meat,1.7999999999999998,3.48,2.04,87046,36.251145,-106.912108
T,Poultry Meat,1.5,1.08,0.42,87046,36.251145,-106.912108
T,Milk,0.4,0.16000000000000003,1.2000000000000002,87046,36.251145,-106.912108
T,Cheese,4.5,2.3,13.1,87046,36.251145,-106.912108
T,Eggs,0.7,2.2,1.3,87046,36.251145,-106.912108
T,Fish (farmed),0.6,0.96,4.32,87046,36.251145,-106.912108
T,Shrimps (farmed),0.27999999999999997,3.5,11.76,87046,36.251145,-106.912108
U,Wheat & Rye (Bread),0.125,0.0,1.0,43005,40.286212,-82.27682800000001
U,Maize (Meal),0.27,0.0,0.45,43005,40.286212,-82.27682800000001
U,Barley (Beer),0.0,0.0,0.15000000000000002,43005,40.286212,-82.27682800000001
U,Oatmeal,0.0,0.0,1.9599999999999997,43005,40.286212,-82.27682800000001
U,Rice,0.0,0.0,2.7,43005,40.286212,-82.27682800000001
U,Potatoes,0.0,0.0,0.22000000000000003,43005,40.286212,-82.27682800000001
U,Cassava,0.3,0.0,0.1,43005,40.286212,-82.27682800000001
U,Cane Sugar,1.2,0.0,0.5,43005,40.286212,-82.27682800000001
U,Beet Sugar,0.0,0.0,0.375,43005,40.286212,-82.27682800000001
U,Other Pulses,0.0,0.0,0.9900000000000001,43005,40.286212,-82.27682800000001
U,Peas,0.0,0.0,0.84,43005,40.286212,-82.27682800000001
U,Nuts,-2.1,0.0,2.1,43005,40.286212,-82.27682800000001
U,Groundnuts,0.30000000000000004,0.0,1.0499999999999998,43005,40.286212,-82.27682800000001
U,Soymilk,0.30000000000000004,0.0,0.15000000000000002,43005,40.286212,-82.27682800000001
U,Tofu,0.75,0.0,0.375,43005,40.286212,-82.27682800000001
U,Soybean Oil,3.7199999999999998,0.0,1.7999999999999998,43005,40.286212,-82.27682800000001
U,Palm Oil,3.1,0.0,2.1,43005,40.286212,-82.27682800000001
U,Sunflower Oil,0.09000000000000001,0.0,1.8900000000000001,43005,40.286212,-82.27682800000001
U,Rapeseed Oil,0.22000000000000003,0.0,2.53,43005,40.286212,-82.27682800000001
U,Olive Oil,-0.5,0.0,5.375,43005,40.286212,-82.27682800000001
U,Tomatoes,0.24,0.0,0.42,43005,40.286212,-82.27682800000001
U,Onions & Leeks,0.0,0.0,0.24,43005,40.286212,-82.27682800000001
U,Root Vegetables,0.0,0.0,0.18000000000000002,43005,40.286212,-82.27682800000001
U,Brassicas,0.0,0.0,0.18,43005,40.286212,-82.27682800000001
U,Other Vegetables,0.0,0.0,0.2,43005,40.286212,-82.27682800000001
U,Citrus Fruit,-0.1,0.0,0.3,43005,40.286212,-82.27682800000001
U,Bananas,0.0,0.0,0.3,43005,40.286212,-82.27682800000001
U,Apples,0.0,0.0,0.1,43005,40.286212,-82.27682800000001
U,Berries & Grapes,0.0,0.0,0.5599999999999999,43005,40.286212,-82.27682800000001
U,Wine,-0.07500000000000001,0.0,0.44999999999999996,43005,40.286212,-82.27682800000001
U,Other Fruit,0.1,0.0,0.4,43005,40.286212,-82.27682800000001
U,Coffee,3.7,0.0,10.4,43005,40.286212,-82.27682800000001
U,Dark Chocolate,14.3,0.0,3.7,43005,40.286212,-82.27682800000001
U,Beef (beef herd),16.3,1.9,39.4,43005,40.286212,-82.27682800000001
U,Beef (dairy herd),0.9,2.5,15.7,43005,40.286212,-82.27682800000001
U,Lamb & Mutton,0.25,1.2,9.75,43005,40.286212,-82.27682800000001
U,Pig Meat,1.7999999999999998,3.48,2.04,43005,40.286212,-82.27682800000001
U,Poultry Meat,2.5,1.8,0.7,43005,40.286212,-82.27682800000001
U,Milk,0.5,0.2,1.5,43005,40.286212,-82.27682800000001
U,Cheese,4.5,2.3,13.1,43005,40.286212,-82.27682800000001
U,Eggs,0.5249999999999999,1.6500000000000001,0.9750000000000001,43005,40.286212,-82.27682800000001
U,Fish (farmed),0.45,0.7200000000000001,3.24,43005,40.286212,-82.27682800000001
U,Shrimps (farmed),0.15000000000000002,1.875,6.300000000000001,43005,40.286212,-82.27682800000001
V,Wheat & Rye (Bread),0.08000000000000002,0.0,0.6400000000000001,37228,36.196931,-86.803372
V,Maize (Meal),0.3,0.0,0.5,37228,36.196931,-86.803372
V,Barley (Beer),0.0,0.0,0.22000000000000003,37228,36.196931,-86.803372
V,Oatmeal,0.0,0.0,1.75,37228,36.196931,-86.803372
V,Rice,0.0,0.0,3.6,37228,36.196931,-86.803372
V,Potatoes,0.0,0.0,0.2,37228,36.196931,-86.803372
V,Cassava,0.84,0.0,0.27999999999999997,37228,36.196931,-86.803372
V,Cane Sugar,1.2,0.0,0.5,37228,36.196931,-86.803372
V,Beet Sugar,0.0,0.0,0.3,37228,36.196931,-86.803372
V,Other Pulses,0.0,0.0,1.32,37228,36.196931,-86.803372
V,Peas,0.0,0.0,0.77,37228,36.196931,-86.803372
V,Nuts,-2.625,0.0,2.625,37228,36.196931,-86.803372
V,Groundnuts,0.4,0.0,1.4,37228,36.196931,-86.803372
V,Soymilk,0.2,0.0,0.1,37228,36.196931,-86.803372
V,Tofu,0.75,0.0,0.375,37228,36.196931,-86.803372
V,Soybean Oil,3.7199999999999998,0.0,1.7999999999999998,37228,36.196931,-86.803372
V,Palm Oil,3.875,0.0,2.625,37228,36.196931,-86.803372
V,Sunflower Oil,0.07500000000000001,0.0,1.5750000000000002,37228,36.196931,-86.803372
V,Rapeseed Oil,0.22000000000000003,0.0,2.53,37228,36.196931,-86.803372
V,Olive Oil,-0.32000000000000006,0.0,3.44,37228,36.196931,-86.803372
V,Tomatoes,0.4,0.0,0.7,37228,36.196931,-86.803372
V,Onions & Leeks,0.0,0.0,0.2,37228,36.196931,-86.803372
V,Root Vegetables,0.0,0.0,0.2,37228,36.196931,-86.803372
V,Brassicas,0.0,0.0,0.22499999999999998,37228,36.196931,-86.803372
V,Other Vegetables,0.0,0.0,0.27999999999999997,37228,36.196931,-86.803372
V,Citrus Fruit,-0.1,0.0,0.3,37228,36.196931,-86.803372
V,Bananas,0.0,0.0,0.33,37228,36.196931,-86.803372
V,Apples,0.0,0.0,0.27999999999999997,37228,36.196931,-86.803372
V,Berries & Grapes,0.0,0.0,0.9799999999999999,37228,36.196931,-86.803372
V,Wine,-0.1,0.0,0.6,37228,36.196931,-86.803372
V,Other Fruit,0.12,0.0,0.48,37228,36.196931,-86.803372
V,Coffee,1.85,0.0,5.2,37228,36.196931,-86.803372
V,Dark Chocolate,14.3,0.0,3.7,37228,36.196931,-86.803372
V,Beef (beef herd),20.375,2.375,49.25,37228,36.196931,-86.803372
V,Beef (dairy herd),0.9900000000000001,2.75,17.27,37228,36.196931,-86.803372
V,Lamb & Mutton,0.75,3.5999999999999996,29.25,37228,36.196931,-86.803372
V,Pig Meat,1.6500000000000001,3.19,1.87,37228,36.196931,-86.803372
V,Poultry Meat,2.0,1.4400000000000002,0.5599999999999999,37228,36.196931,-86.803372
V,Milk,0.55,0.22000000000000003,1.6500000000000001,37228,36.196931,-86.803372
V,Cheese,3.375,1.7249999999999999,9.825,37228,36.196931,-86.803372
V,Eggs,0.5249999999999999,1.6500000000000001,0.9750000000000001,37228,36.196931,-86.803372
V,Fish (farmed),0.5,0.8,3.6,37228,36.196931,-86.803372
V,Shrimps (farmed),0.27999999999999997,3.5,11.76,37228,36.196931,-86.803372
W,Wheat & Rye (Bread),0.12,0.0,0.96,99218,47.758924,-117.40938799999999
W,Maize (Meal),0.33,0.0,0.55,99218,47.758924,-117.40938799999999
W,Barley (Beer),0.0,0.0,0.24,99218,47.758924,-117.40938799999999
W,Oatmeal,0.0,0.0,1.68,99218,47.758924,-117.40938799999999
W,Rice,0.0,0.0,3.6,99218,47.758924,-117.40938799999999
W,Potatoes,0.0,0.0,0.18000000000000002,99218,47.758924,-117.40938799999999
W,Cassava,0.75,0.0,0.25,99218,47.758924,-117.40938799999999
W,Cane Sugar,0.72,0.0,0.3,99218,47.758924,-117.40938799999999
W,Beet Sugar,0.0,0.0,0.375,99218,47.758924,-117.40938799999999
W,Other Pulses,0.0,0.0,0.66,99218,47.758924,-117.40938799999999
W,Peas,0.0,0.0,0.5249999999999999,99218,47.758924,-117.40938799999999
W,Nuts,-2.1,0.0,2.1,99218,47.758924,-117.40938799999999
W,Groundnuts,0.4,0.0,1.4,99218,47.758924,-117.40938799999999
W,Soymilk,0.16000000000000003,0.0,0.08000000000000002,99218,47.758924,-117.40938799999999
W,Tofu,0.8,0.0,0.4,99218,47.758924,-117.40938799999999
W,Soybean Oil,2.325,0.0,1.125,99218,47.758924,-117.40938799999999
W,Palm Oil,2.4800000000000004,0.0,1.6800000000000002,99218,47.758924,-117.40938799999999
W,Sunflower Oil,0.11000000000000001,0.0,2.3100000000000005,99218,47.758924,-117.40938799999999
W,Rapeseed Oil,0.25,0.0,2.875,99218,47.758924,-117.40938799999999
W,Olive Oil,-0.36000000000000004,0.0,3.87,99218,47.758924,-117.40938799999999
W,Tomatoes,0.44000000000000006,0.0,0.77,99218,47.758924,-117.40938799999999
W,Onions & Leeks,0.0,0.0,0.24,99218,47.758924,-117.40938799999999
W,Root Vegetables,0.0,0.0,0.2,99218,47.758924,-117.40938799999999
W,Brassicas,0.0,0.0,0.22499999999999998,99218,47.758924,-117.40938799999999
W,Other Vegetables,0.0,0.0,0.2,99218,47.758924,-117.40938799999999
W,Citrus Fruit,-0.125,0.0,0.375,99218,47.758924,-117.40938799999999
W,Bananas,0.0,0.0,0.3,99218,47.758924,-117.40938799999999
W,Apples,0.0,0.0,0.2,99218,47.758924,-117.40938799999999
W,Berries & Grapes,0.0,0.0,0.35,99218,47.758924,-117.40938799999999
W,Wine,-0.1,0.0,0.6,99218,47.758924,-117.40938799999999
W,Other Fruit,0.1,0.0,0.4,99218,47.758924,-117.40938799999999
W,Coffee,4.44,0.0,12.48,99218,47.758924,-117.40938799999999
W,Dark Chocolate,11.440000000000001,0.0,2.9600000000000004,99218,47.758924,-117.40938799999999
W,Beef (beef herd),17.930000000000003,2.09,43.34,99218,47.758924,-117.40938799999999
W,Beef (dairy herd),0.54,1.5,9.42,99218,47.758924,-117.40938799999999
W,Lamb & Mutton,0.5,2.4,19.5,99218,47.758924,-117.40938799999999
W,Pig Meat,1.2000000000000002,2.32,1.36,99218,47.758924,-117.40938799999999
W,Poultry Meat,1.875,1.35,0.5249999999999999,99218,47.758924,-117.40938799999999
W,Milk,0.4,0.16000000000000003,1.2000000000000002,99218,47.758924,-117.40938799999999
W,Cheese,4.05,2.07,11.79,99218,47.758924,-117.40938799999999
W,Eggs,0.7,2.2,1.3,99218,47.758924,-117.40938799999999
W,Fish (farmed),0.6,0.96,4.32,99218,47.758924,-117.40938799999999
W,Shrimps (farmed),0.2,2.5,8.4,99218,47.758924,-117.40938799999999
X,Wheat & Rye (Bread),0.1,0.0,0.8,49642,43.8689,-85.76103499999999
X,Maize (Meal),0.44999999999999996,0.0,0.75,49642,43.8689,-85.76103499999999
X,Barley (Beer),0.0,0.0,0.2,49642,43.8689,-85.76103499999999
X,Oatmeal,0.0,0.0,0.7,49642,43.8689,-85.76103499999999
X,Rice,0.0,0.0,3.6,49642,43.8689,-85.76103499999999
X,Potatoes,0.0,0.0,0.25,49642,43.8689,-85.76103499999999
X,Cassava,0.54,0.0,0.18000000000000002,49642,43.8689,-85.76103499999999
X,Cane Sugar,1.44,0.0,0.6,49642,43.8689,-85.76103499999999
X,Beet Sugar,0.0,0.0,0.7,49642,43.8689,-85.76103499999999
X,Other Pulses,0.0,0.0,1.1,49642,43.8689,-85.76103499999999
X,Peas,0.0,0.0,0.35,49642,43.8689,-85.76103499999999
X,Nuts,-2.1,0.0,2.1,49642,43.8689,-85.76103499999999
X,Groundnuts,0.4,0.0,1.4,49642,43.8689,-85.76103499999999
X,Soymilk,0.25,0.0,0.125,49642,43.8689,-85.76103499999999
X,Tofu,1.0,0.0,0.5,49642,43.8689,-85.76103499999999
X,Soybean Oil,2.79,0.0,1.35,49642,43.8689,-85.76103499999999
X,Palm Oil,1.55,0.0,1.05,49642,43.8689,-85.76103499999999
X,Sunflower Oil,0.1,0.0,2.1,49642,43.8689,-85.76103499999999
X,Rapeseed Oil,0.2,0.0,2.3,49642,43.8689,-85.76103499999999
X,Olive Oil,-0.6000000000000001,0.0,6.449999999999999,49642,43.8689,-85.76103499999999
X,Tomatoes,0.32000000000000006,0.0,0.5599999999999999,49642,43.8689,-85.76103499999999
X,Onions & Leeks,0.0,0.0,0.15000000000000002,49642,43.8689,-85.76103499999999
X,Root Vegetables,0.0,0.0,0.25,49642,43.8689,-85.76103499999999
X,Brassicas,0.0,0.0,0.22499999999999998,49642,43.8689,-85.76103499999999
X,Other Vegetables,0.0,0.0,0.16000000000000003,49642,43.8689,-85.76103499999999
X,Citrus Fruit,-0.125,0.0,0.375,49642,43.8689,-85.76103499999999
X,Bananas,0.0,0.0,0.3,49642,43.8689,-85.76103499999999
X,Apples,0.0,0.0,0.27999999999999997,49642,43.8689,-85.76103499999999
X,Berries & Grapes,0.0,0.0,0.84,49642,43.8689,-85.76103499999999
X,Wine,-0.125,0.0,0.75,49642,43.8689,-85.76103499999999
X,Other Fruit,0.07500000000000001,0.0,0.30000000000000004,49642,43.8689,-85.76103499999999
X,Coffee,5.18,0.0,14.559999999999999,49642,43.8689,-85.76103499999999
X,Dark Chocolate,17.16,0.0,4.44,49642,43.8689,-85.76103499999999
X,Beef (beef herd),16.3,1.9,39.4,49642,43.8689,-85.76103499999999
X,Beef (dairy herd),0.54,1.5,9.42,49642,43.8689,-85.76103499999999
X,Lamb & Mutton,0.7,3.36,27.299999999999997,49642,43.8689,-85.76103499999999
X,Pig Meat,1.875,3.625,2.125,49642,43.8689,-85.76103499999999
X,Poultry Meat,2.5,1.8,0.7,49642,43.8689,-85.76103499999999
X,Milk,0.625,0.25,1.875,49642,43.8689,-85.76103499999999
X,Cheese,3.6,1.8399999999999999,10.48,49642,43.8689,-85.76103499999999
X,Eggs,0.77,2.4200000000000004,1.4300000000000002,49642,43.8689,-85.76103499999999
X,Fish (farmed),0.625,1.0,4.5,49642,43.8689,-85.76103499999999
X,Shrimps (farmed),0.15000000000000002,1.875,6.300000000000001,49642,43.8689,-85.76103499999999
Y,Wheat & Rye (Bread),0.05,0.0,0.4,14211,42.906731,-78.819891
Y,Maize (Meal),0.44999999999999996,0.0,0.75,14211,42.906731,-78.819891
Y,Barley (Beer),0.0,0.0,0.24,14211,42.906731,-78.819891
Y,Oatmeal,0.0,0.0,0.7,14211,42.906731,-78.819891
Y,Rice,0.0,0.0,2.16,14211,42.906731,-78.819891
Y,Potatoes,0.0,0.0,0.16000000000000003,14211,42.906731,-78.819891
Y,Cassava,0.48,0.0,0.16000000000000003,14211,42.906731,-78.819891
Y,Cane Sugar,1.32,0.0,0.55,14211,42.906731,-78.819891
Y,Beet Sugar,0.0,0.0,0.5,14211,42.906731,-78.819891
Y,Other Pulses,0.0,0.0,0.9900000000000001,14211,42.906731,-78.819891
Y,Peas,0.0,0.0,0.7,14211,42.906731,-78.819891
Y,Nuts,-1.5750000000000002,0.0,1.5750000000000002,14211,42.906731,-78.819891
Y,Groundnuts,0.36000000000000004,0.0,1.26,14211,42.906731,-78.819891
Y,Soymilk,0.22000000000000003,0.0,0.11000000000000001,14211,42.906731,-78.819891
Y,Tofu,0.8,0.0,0.4,14211,42.906731,-78.819891
Y,Soybean Oil,3.1,0.0,1.5,14211,42.906731,-78.819891
Y,Palm Oil,2.79,0.0,1.8900000000000001,14211,42.906731,-78.819891
Y,Sunflower Oil,0.07500000000000001,0.0,1.5750000000000002,14211,42.906731,-78.819891
Y,Rapeseed Oil,0.1,0.0,1.15,14211,42.906731,-78.819891
Y,Olive Oil,-0.48,0.0,5.159999999999999,14211,42.906731,-78.819891
Y,Tomatoes,0.4,0.0,0.7,14211,42.906731,-78.819891
Y,Onions & Leeks,0.0,0.0,0.15000000000000002,14211,42.906731,-78.819891
Y,Root Vegetables,0.0,0.0,0.12,14211,42.906731,-78.819891
Y,Brassicas,0.0,0.0,0.24,14211,42.906731,-78.819891
Y,Other Vegetables,0.0,0.0,0.15000000000000002,14211,42.906731,-78.819891
Y,Citrus Fruit,-0.1,0.0,0.3,14211,42.906731,-78.819891
Y,Bananas,0.0,0.0,0.27,14211,42.906731,-78.819891
Y,Apples,0.0,0.0,0.15000000000000002,14211,42.906731,-78.819891
Y,Berries & Grapes,0.0,0.0,0.5249999999999999,14211,42.906731,-78.819891
Y,Wine,-0.13999999999999999,0.0,0.84,14211,42.906731,-78.819891
Y,Other Fruit,0.1,0.0,0.4,14211,42.906731,-78.819891
Y,Coffee,5.18,0.0,14.559999999999999,14211,42.906731,-78.819891
Y,Dark Chocolate,14.3,0.0,3.7,14211,42.906731,-78.819891
Y,Beef (beef herd),13.040000000000001,1.52,31.52,14211,42.906731,-78.819891
Y,Beef (dairy herd),0.675,1.875,11.774999999999999,14211,42.906731,-78.819891
Y,Lamb & Mutton,0.375,1.7999999999999998,14.625,14211,42.906731,-78.819891
Y,Pig Meat,1.6500000000000001,3.19,1.87,14211,42.906731,-78.819891
Y,Poultry Meat,3.75,2.7,1.0499999999999998,14211,42.906731,-78.819891
Y,Milk,0.55,0.22000000000000003,1.6500000000000001,14211,42.906731,-78.819891
Y,Cheese,3.6,1.8399999999999999,10.48,14211,42.906731,-78.819891
Y,Eggs,0.5249999999999999,1.6500000000000001,0.9750000000000001,14211,42.906731,-78.819891
Y,Fish (farmed),0.25,0.4,1.8,14211,42.906731,-78.819891
Y,Shrimps (farmed),0.1,1.25,4.2,14211,42.906731,-78.819891
Z,Wheat & Rye (Bread),0.12,0.0,0.96,82922,43.12648,-110.41125600000001
Z,Maize (Meal),0.27,0.0,0.45,82922,43.12648,-110.41125600000001
Z,Barley (Beer),0.0,0.0,0.30000000000000004,82922,43.12648,-110.41125600000001
Z,Oatmeal,0.0,0.0,1.1199999999999999,82922,43.12648,-110.41125600000001
Z,Rice,0.0,0.0,3.9600000000000004,82922,43.12648,-110.41125600000001
Z,Potatoes,0.0,0.0,0.22000000000000003,82922,43.12648,-110.41125600000001
Z,Cassava,0.48,0.0,0.16000000000000003,82922,43.12648,-110.41125600000001
Z,Cane Sugar,1.7999999999999998,0.0,0.75,82922,43.12648,-110.41125600000001
Z,Beet Sugar,0.0,0.0,0.55,82922,43.12648,-110.41125600000001
Z,Other Pulses,0.0,0.0,1.2100000000000002,82922,43.12648,-110.41125600000001
Z,Peas,0.0,0.0,0.9799999999999999,82922,43.12648,-110.41125600000001
Z,Nuts,-1.05,0.0,1.05,82922,43.12648,-110.41125600000001
Z,Groundnuts,0.6000000000000001,0.0,2.0999999999999996,82922,43.12648,-110.41125600000001
Z,Soymilk,0.22000000000000003,0.0,0.11000000000000001,82922,43.12648,-110.41125600000001
Z,Tofu,1.25,0.0,0.625,82922,43.12648,-110.41125600000001
Z,Soybean Oil,3.875,0.0,1.875,82922,43.12648,-110.41125600000001
Z,Palm Oil,4.65,0.0,3.1500000000000004,82922,43.12648,-110.41125600000001
Z,Sunflower Oil,0.12,0.0,2.52,82922,43.12648,-110.41125600000001
Z,Rapeseed Oil,0.12,0.0,1.38,82922,43.12648,-110.41125600000001
Z,Olive Oil,-0.24,0.0,2.5799999999999996,82922,43.12648,-110.41125600000001
Z,Tomatoes,0.48,0.0,0.84,82922,43.12648,-110.41125600000001
Z,Onions & Leeks,0.0,0.0,0.16000000000000003,82922,43.12648,-110.41125600000001
Z,Root Vegetables,0.0,0.0,0.2,82922,43.12648,-110.41125600000001
Z,Brassicas,0.0,0.0,0.3,82922,43.12648,-110.41125600000001
Z,Other Vegetables,0.0,0.0,0.18000000000000002,82922,43.12648,-110.41125600000001
Z,Citrus Fruit,-0.08000000000000002,0.0,0.24,82922,43.12648,-110.41125600000001
Z,Bananas,0.0,0.0,0.44999999999999996,82922,43.12648,-110.41125600000001
Z,Apples,0.0,0.0,0.2,82922,43.12648,-110.41125600000001
Z,Berries & Grapes,0.0,0.0,1.0499999999999998,82922,43.12648,-110.41125600000001
Z,Wine,-0.07500000000000001,0.0,0.44999999999999996,82922,43.12648,-110.41125600000001
Z,Other Fruit,0.1,0.0,0.4,82922,43.12648,-110.41125600000001
Z,Coffee,2.9600000000000004,0.0,8.32,82922,43.12648,-110.41125600000001
Z,Dark Chocolate,20.02,0.0,5.18,82922,43.12648,-110.41125600000001
Z,Beef (beef herd),17.930000000000003,2.09,43.34,82922,43.12648,-110.41125600000001
Z,Beef (dairy herd),0.9,2.5,15.7,82922,43.12648,-110.41125600000001
Z,Lamb & Mutton,0.55,2.64,21.450000000000003,82922,43.12648,-110.41125600000001
Z,Pig Meat,1.7999999999999998,3.48,2.04,82922,43.12648,-110.41125600000001
Z,Poultry Meat,2.75,1.9800000000000002,0.77,82922,43.12648,-110.41125600000001
Z,Milk,0.5,0.2,1.5,82922,43.12648,-110.41125600000001
Z,Cheese,4.05,2.07,11.79,82922,43.12648,-110.41125600000001
Z,Eggs,0.5249999999999999,1.6500000000000001,0.9750000000000001,82922,43.12648,-110.41125600000001
Z,Fish (farmed),0.5,0.8,3.6,82922,43.12648,-110.41125600000001
Z,Shrimps (farmed),0.25,3.125,10.5,82922,43.12648,-110.41125600000001
